"Item/UPC,,,""Metrics"",""Bill Units"",""Scan Units"",""Est. Units On Hand"",""Est. Sell Thru % (Units)"",""Bill $"",""Sales"""
"Total,,,,""4,708"",""4,972"",""(264)"",""106%"",""$21,867"",""$21,601"""
"357090,""ALPO SNAPS VARIETY PK DOG TRTS"",""1113200392"",,""8"",""8"",""0"",""100%"",""$21"",""$21"""
"336347,""ALPO PRIME CUTS W/ BEEF"",""1113212556"",,""6"",""6"",""0"",""100%"",""$29"",""$26"""
"59442,""ALPO CHOPHOUSE T-BNE STK GRAVY"",""1113213597"",,""24"",""24"",""0"",""100%"",""$19"",""$19"""
"164820,""ALPO PRIME CUTS"",""1113214544"",,""3"",""5"",""(2)"",""167%"",""$24"",""$40"""
"298380,""ONE CAT HAIRBALL FORMULA"",""1780001260"",,""0"",""2"",""(2)"",""N/A"",""$0"",""$23"""
"324374,""ONE PRPSFL NTRTN HAIRBALL FRML"",""1780001262"",,""0"",""1"",""(1)"",""N/A"",""$0"",""$23"""
"357071,""ONE CAT HAIRBALL FORMULA"",""1780001263"",,""0"",""1"",""(1)"",""N/A"",""$0"",""$8"""
"357088,""ONE CAT SENIOR FORUMLA"",""1780001885"",,""0"",""1"",""(1)"",""N/A"",""$0"",""$8"""
"47449,""WSKR LCKN CRNCH LVRS CKN/SEAFD"",""1780002063"",,""14"",""6"",""8"",""43%"",""$34"",""$15"""
"86159,""ONE CAT SENSITIVE SYSTEMS"",""1780003198"",,""4"",""2"",""2"",""50%"",""$46"",""$23"""
"101134,""ONE CAT HAIRBALL & WT FORMULA"",""1780003386"",,""8"",""4"",""4"",""50%"",""$92"",""$46"""
"428349,""BENEFUL HEALTY PPY 4X3.5"",""1780010163"",,""4"",""0"",""4"",""0%"",""$22"",""$0"""
"142851,""BENEFUL PM SIMMERD BEEF ENTREE"",""1780010963"",,""8"",""9"",""(1)"",""113%"",""$13"",""$15"""
"142850,""BENEFUL PM SIMMERD CHKN MEDLEY"",""1780010964"",,""0"",""2"",""(2)"",""N/A"",""$0"",""$3"""
"142853,""BENEFUL PM BEEF STEW"",""1780010965"",,""8"",""11"",""(3)"",""138%"",""$13"",""$18"""
"142848,""BENEFUL PM RICE & LAMB STEW"",""1780010967"",,""0"",""9"",""(9)"",""N/A"",""$0"",""$15"""
"743873,""PPY CHOW LIT BITES 4X4"",""1780011030"",,""0"",""3"",""(3)"",""N/A"",""$0"",""$14"""
"804084,""CAT CHOW NATURALS"",""1780011322"",,""4"",""3"",""1"",""75%"",""$22"",""$16"""
"170603,""ONE WHOLESME BEEF & BRWN RICE"",""1780012592"",,""12"",""16"",""(4)"",""133%"",""$18"",""$23"""
"170581,""ONE WHOLESME CHKN & BRWN RICE"",""1780012596"",,""12"",""12"",""0"",""100%"",""$18"",""$18"""
"170584,""PUR ONE SB ADULT TURKEY BARLEY"",""1780012604"",,""0"",""17"",""(17)"",""N/A"",""$0"",""$25"""
"47914,""BENEFUL PM CHICKEN STEW"",""1780012861"",,""0"",""7"",""(7)"",""N/A"",""$0"",""$12"""
"133990,""KIT N KABOODLE"",""1780013043"",,""7"",""10"",""(3)"",""143%"",""$70"",""$100"""
"755143,""BENEFUL HEALTHY WEIGHT 4X3.5"",""1780013465"",,""0"",""6"",""(6)"",""N/A"",""$0"",""$33"""
"535931,""BENEFUL ORIG BF 4X3.5"",""1780013483"",,""4"",""5"",""(1)"",""125%"",""$22"",""$28"""
"653978,""BENEFUL INC BF 4X3.5"",""1780013640"",,""4"",""7"",""(3)"",""175%"",""$22"",""$39"""
"871664,""ONE WET DOG BEEF & GRAVY"",""1780014309"",,""0"",""12"",""(12)"",""N/A"",""$0"",""$18"""
"18220,""PUR ONE SB HEALTHY WEIGHT LAMB"",""1780014311"",,""12"",""15"",""(3)"",""125%"",""$18"",""$22"""
"18112,""ONE WET DOG CHICKEN & GRAVY"",""1780014314"",,""0"",""9"",""(9)"",""N/A"",""$0"",""$13"""
"176001,""CAT CHOW NATURALS"",""1780014500"",,""2"",""2"",""0"",""100%"",""$30"",""$30"""
"67433,""PURINA ONE CAT BEEF PATE"",""1780014595"",,""24"",""12"",""12"",""50%"",""$21"",""$11"""
"68059,""PURINA ONE CAT CHICKEN PATE"",""1780014597"",,""0"",""8"",""(8)"",""N/A"",""$0"",""$7"""
"69529,""PURINA ONE CAT CHICKEN CUTS"",""1780014602"",,""0"",""5"",""(5)"",""N/A"",""$0"",""$4"""
"236946,""PURINA ONE OCEAN WHTFSH PATE"",""1780014604"",,""24"",""2"",""22"",""8%"",""$21"",""$2"""
"236943,""PURINA ONE SVRY TRKY BRSD GRVY"",""1780014607"",,""0"",""2"",""(2)"",""N/A"",""$0"",""$2"""
"69645,""PURINA ONE TUNA CUTS"",""1780014609"",,""0"",""6"",""(6)"",""N/A"",""$0"",""$5"""
"69232,""PURINA ONE CAT TRKY/GBLTS PATE"",""1780014613"",,""24"",""9"",""15"",""38%"",""$21"",""$8"""
"237137,""DOG CHOW HEALTHY MORSELS"",""1780014905"",,""2"",""0"",""2"",""0%"",""$24"",""$0"""
"237218,""DOG CHOW LITTLE BITES INDOOR"",""1780014909"",,""1"",""1"",""0"",""100%"",""$12"",""$12"""
"237071,""PUPPY CHOW HEALTHY MORSELS"",""1780014911"",,""1"",""0"",""1"",""0%"",""$12"",""$0"""
"8146,""ONE SMTBLND DOG HLTHY WGHT FRM"",""1780014920"",,""2"",""1"",""1"",""50%"",""$44"",""$22"""
"6647,""ONE SMRTBLND SML BTS BF & RC"",""1780014929"",,""2"",""3"",""(1)"",""150%"",""$44"",""$66"""
"19472,""ONE SMTBLD VIB MAT 7+ SNR DOG"",""1780014932"",,""3"",""3"",""0"",""100%"",""$66"",""$66"""
"4881,""ONE SMTBLND DOG CHKN RC FRMLA"",""1780014937"",,""12"",""9"",""3"",""75%"",""$262"",""$198"""
"2371,""ONE SMRTBLND DOG LMB RC FRMLA"",""1780014940"",,""5"",""6"",""(1)"",""120%"",""$109"",""$131"""
"356860,""CAT CHOW COMPLETE 4X6.3LB"",""1780015012"",,""0"",""1"",""(1)"",""N/A"",""$0"",""$9"""
"787569,""CAT CHOW COMPLETE"",""1780015014"",,""0"",""2"",""(2)"",""N/A"",""$0"",""$11"""
"356861,""CAT CHOW INDOOR 4X6.3"",""1780015016"",,""4"",""3"",""1"",""75%"",""$36"",""$27"""
"489053,""CAT CHOW INDOOR"",""1780015018"",,""4"",""6"",""(2)"",""150%"",""$22"",""$33"""
"583212,""KITTEN CHOW"",""1780015020"",,""4"",""2"",""2"",""50%"",""$22"",""$11"""
"78391,""ONE SMARTBLEND SALMON RECIPE"",""1780015123"",,""0"",""3"",""(3)"",""N/A"",""$0"",""$3"""
"238490,""DOG CHOW COMPLETE"",""1780015210"",,""5"",""7"",""(2)"",""140%"",""$60"",""$84"""
"184609,""PURINA ONE TR INSTINCT TUR VEN"",""1780015452"",,""7"",""7"",""0"",""100%"",""$153"",""$153"""
"381385,""ONE TRUE INSTNCT TURKY VENISON"",""1780015456"",,""12"",""10"",""2"",""83%"",""$148"",""$124"""
"53945,""BENEFUL CHOPPED BLNDS CHICKEN"",""1780015496"",,""8"",""3"",""5"",""38%"",""$13"",""$5"""
"176553,""BENEFUL MEDLEY SAMPLER"",""1780015512"",,""2"",""3"",""(1)"",""150%"",""$16"",""$24"""
"354943,""BENEFUL MEDLEYS"",""1780015513"",,""2"",""3"",""(1)"",""150%"",""$34"",""$51"""
"112700,""ONE PAIRING CHICKEN TURKEY"",""1780015829"",,""0"",""10"",""(10)"",""N/A"",""$0"",""$9"""
"90911,""ONE PAIRINGS SALMON & TROUT"",""1780015831"",,""0"",""5"",""(5)"",""N/A"",""$0"",""$4"""
"200293,""BENEFUL CHPD BLENDS BEEF"",""1780015947"",,""0"",""7"",""(7)"",""N/A"",""$0"",""$14"""
"199946,""BENEFUL CHPD BLENDS CHICKEN"",""1780015949"",,""8"",""3"",""5"",""38%"",""$16"",""$6"""
"357055,""BEYOND CAT FD SALMON BRWN RICE"",""1780016362"",,""4"",""3"",""1"",""75%"",""$36"",""$27"""
"357041,""BEYOND IN GRAVY CHKN BF"",""1780016381"",,""0"",""5"",""(5)"",""N/A"",""$0"",""$6"""
"357054,""BEYOND CAT FD WHTISH & EGG"",""1780016385"",,""4"",""1"",""3"",""25%"",""$41"",""$11"""
"90866,""BEYOND PATE TROUT AND CATFISH"",""1780016389"",,""0"",""1"",""(1)"",""N/A"",""$0"",""$1"""
"357062,""BEYOND PATE GRN FR SLMN"",""1780016403"",,""12"",""4"",""8"",""33%"",""$14"",""$5"""
"357060,""BEYOND IN GRCY TRKY SPIN"",""1780016407"",,""12"",""5"",""7"",""42%"",""$14"",""$6"""
"5815,""BENEFUL BAKED DELIGHTS HUGS"",""1780016540"",,""12"",""10"",""2"",""83%"",""$32"",""$27"""
"5855,""BENEFUL BAKED DELIGHT SNACKERS"",""1780016542"",,""10"",""8"",""2"",""80%"",""$27"",""$21"""
"346295,""ONE PUR SMRTBLND VARITY DOG FD"",""1780016715"",,""4"",""3"",""1"",""75%"",""$32"",""$24"""
"529241,""PUR ONE DRY LAMB&RICE DOG FD"",""1780016746"",,""1"",""1"",""0"",""100%"",""$43"",""$43"""
"384082,""BEYOND SIMPL ORGN CHKN PEA"",""1780016912"",,""0"",""5"",""(5)"",""N/A"",""$0"",""$11"""
"176321,""BENEFUL CHOPPED BLENDS CHICKEN"",""1780016960"",,""0"",""4"",""(4)"",""N/A"",""$0"",""$7"""
"176307,""BENEFUL CHOPPED BLENDS SALMON"",""1780016962"",,""0"",""2"",""(2)"",""N/A"",""$0"",""$3"""
"176337,""BENEFUL CHOPPED BLENDS TURKEY"",""1780016966"",,""0"",""3"",""(3)"",""N/A"",""$0"",""$5"""
"172171,""BEYOND GF BEEF AND POTATO"",""1780017025"",,""0"",""5"",""(5)"",""N/A"",""$0"",""$10"""
"381242,""BEYOND CHCKN CRRT PEA GRND ENT"",""1780017027"",,""0"",""2"",""(2)"",""N/A"",""$0"",""$4"""
"205896,""BEYOND GRN FR CHK EGG CAT FOOD"",""1780017069"",,""0"",""1"",""(1)"",""N/A"",""$0"",""$10"""
"676357,""CAT CHOW NATURALS INDOOR"",""1780017156"",,""12"",""15"",""(3)"",""125%"",""$66"",""$83"""
"573413,""CAT CHOW NATURALS INDOOR"",""1780017162"",,""1"",""2"",""(1)"",""200%"",""$15"",""$30"""
"384083,""BEYOND GRNFR CHKN SWT POTATO"",""1780017186"",,""0"",""5"",""(5)"",""N/A"",""$0"",""$10"""
"478541,""BENEFUL INC CHK 4X3.5"",""1780017203"",,""0"",""1"",""(1)"",""N/A"",""$0"",""$6"""
"205790,""ONE TI GRAIN FREE CHICKEN"",""1780017251"",,""1"",""1"",""0"",""100%"",""$22"",""$22"""
"205650,""WHISKER LICKIN CRUNCHY TUNA"",""1780017260"",,""10"",""4"",""6"",""40%"",""$9"",""$4"""
"516262,""DENTALIFE DAILY LARGE 20.7OZ"",""1780017413"",,""4"",""3"",""1"",""75%"",""$36"",""$27"""
"313982,""DENTALIFE SMALL/MEDIUM 25CT"",""1780017418"",,""4"",""4"",""0"",""100%"",""$36"",""$36"""
"992864,""BEYOND SML DOG CHKN BRLY"",""1780017618"",,""4"",""0"",""4"",""0%"",""$38"",""$0"""
"684123,""PUR ONE HEALTHY WGHT 40LB"",""1780017933"",,""1"",""1"",""0"",""100%"",""$43"",""$43"""
"670667,""PUR ONE LARGE BREED ADULT"",""1780017934"",,""1"",""1"",""0"",""100%"",""$43"",""$43"""
"575328,""CAT CHOW NATURALS GRN FR CHKN"",""1780017955"",,""4"",""4"",""0"",""100%"",""$48"",""$48"""
"549375,""KITTEN CHOW NATURALS"",""1780018171"",,""0"",""2"",""(2)"",""N/A"",""$0"",""$20"""
"985241,""BEYOND GF MSC ALASKAN COD 3OZ"",""1780018274"",,""12"",""11"",""1"",""92%"",""$19"",""$17"""
"811632,""DENTALIFE ACTIVFRESH LRG 7.2OZ"",""1780018282"",,""5"",""3"",""2"",""60%"",""$27"",""$16"""
"943219,""PURINA ONE WET CAT VIB MATURTY"",""1780018423"",,""0"",""2"",""(2)"",""N/A"",""$0"",""$2"""
"986990,""PURINA ONE WET HEALHTY KITTEN"",""1780018425"",,""12"",""16"",""(4)"",""133%"",""$12"",""$16"""
"908829,""PURINA ONE WET CAT UTH BF 30Z"",""1780018430"",,""36"",""29"",""7"",""81%"",""$36"",""$29"""
"425696,""BENEFUL ORIGINALS W/BEEF 14LB"",""1780018440"",,""7"",""6"",""1"",""86%"",""$94"",""$81"""
"702255,""BENEFUL HEALTHY WGHT CHICKEN"",""1780018444"",,""8"",""7"",""1"",""88%"",""$107"",""$94"""
"456607,""BENEFUL ORIGINALS WITH SALMON"",""1780018447"",,""3"",""4"",""(1)"",""133%"",""$40"",""$54"""
"654286,""BENEFUL ORIGINALS CHICKEN"",""1780018450"",,""2"",""3"",""(1)"",""150%"",""$27"",""$40"""
"992525,""BENEFUL HLTHY PUPPY W/CHICKEN"",""1780018451"",,""0"",""1"",""(1)"",""N/A"",""$0"",""$13"""
"973334,""BENEFUL INCREDIBITES W/BEEF"",""1780018456"",,""2"",""1"",""1"",""50%"",""$27"",""$13"""
"656721,""CAT CHOW INDOOR"",""1780018499"",,""4"",""3"",""1"",""75%"",""$56"",""$42"""
"781748,""DOG CHOW COMPLETE ADULT CHICK"",""1780018548"",,""1"",""2"",""(1)"",""200%"",""$23"",""$46"""
"357069,""ONE KITTEN FORMULA"",""1780035088"",,""4"",""5"",""(1)"",""125%"",""$31"",""$39"""
"926540,""PUPPY CHOW TNDR & CRNCHY 4X4.4"",""1780040976"",,""4"",""1"",""3"",""25%"",""$18"",""$5"""
"15824,""DOG CHOW COMPLETE BALANCED"",""1780041027"",,""0"",""2"",""(2)"",""N/A"",""$0"",""$9"""
"71401,""ONE DOG SMLL BTS BF & RC FRML"",""1780046404"",,""8"",""9"",""(1)"",""113%"",""$63"",""$71"""
"348047,""ONE CAT SALMON & RICE"",""1780047474"",,""8"",""3"",""5"",""38%"",""$63"",""$24"""
"298216,""ONE CAT SALMON & TUNA"",""1780047490"",,""4"",""3"",""1"",""75%"",""$46"",""$34"""
"315076,""ONE DOG CHICKEN & RICE FORMULA"",""1780047568"",,""8"",""8"",""0"",""100%"",""$99"",""$99"""
"357072,""ONE CAT URINARY TRACT HEALTH"",""1780054917"",,""0"",""1"",""(1)"",""N/A"",""$0"",""$8"""
"298729,""ONE CAT URINARY TRACT HEALTH"",""1780054920"",,""0"",""1"",""(1)"",""N/A"",""$0"",""$11"""
"595001,""PUR ONE SB HEALTHY PUPPY"",""1780057008"",,""4"",""1"",""3"",""25%"",""$32"",""$8"""
"321955,""PURINA ONE HEALTHY PUPPY CHICK"",""1780057011"",,""4"",""2"",""2"",""50%"",""$49"",""$25"""
"626499,""ONE CAT CHICKEN & RICE FORMULA"",""1780057192"",,""2"",""3"",""(1)"",""150%"",""$46"",""$70"""
"315072,""ONE DOG LAMB & RICE FORMULA"",""1780057312"",,""4"",""5"",""(1)"",""125%"",""$49"",""$62"""
"127409,""IAMS DOG GROUND W/CHKN & RICE"",""1901401329"",,""12"",""4"",""8"",""33%"",""$15"",""$5"""
"52646,""IAMS DOG CHUNK BEEF/VG IN GRVY"",""1901402520"",,""24"",""11"",""13"",""46%"",""$31"",""$14"""
"173852,""IAMS DOG WEIGHT CONTROL"",""1901461089"",,""4"",""4"",""0"",""100%"",""$78"",""$79"""
"173525,""IAMS DOG MINICHUNKS"",""1901461090"",,""5"",""7"",""(2)"",""140%"",""$97"",""$136"""
"159325,""IAMS LARGE BREED PUPPY"",""1901461094"",,""1"",""1"",""0"",""100%"",""$19"",""$19"""
"171697,""IAMS DOG LARGE BREED"",""1901461097"",,""6"",""4"",""2"",""67%"",""$117"",""$78"""
"134467,""IAMS ADULT HAIRBALL CARE"",""1901461191"",,""1"",""1"",""0"",""100%"",""$23"",""$23"""
"172820,""IAMS DOG MATURE ADULT"",""1901461206"",,""3"",""2"",""1"",""67%"",""$58"",""$39"""
"156085,""IAMS PROACTIVE MINICHUNKS"",""1901470071"",,""4"",""4"",""0"",""100%"",""$120"",""$120"""
"155296,""IAMS DOG LARGE BREED"",""1901470072"",,""3"",""2"",""1"",""67%"",""$90"",""$60"""
"297446,""IAMS PUPPY LARGE BREED 30.6LB"",""1901470073"",,""0"",""1"",""(1)"",""N/A"",""$0"",""$30"""
"87287,""IAMS PUPPY ORIG BIG 15LB"",""1901470420"",,""0"",""1"",""(1)"",""N/A"",""$0"",""$19"""
"275006,""IAMS DOG WET LAMB & RICE MLTPK"",""1901470707"",,""2"",""1"",""1"",""50%"",""$15"",""$8"""
"290893,""IAMS DOG MINICHUNKS"",""1901471108"",,""4"",""2"",""2"",""50%"",""$44"",""$22"""
"290915,""IAMS PUPPY ORIGINAL BONUS"",""1901471110"",,""4"",""1"",""3"",""25%"",""$44"",""$11"""
"290852,""IAMS DOG WEIGHT CONTROL"",""1901471112"",,""4"",""2"",""2"",""50%"",""$44"",""$22"""
"323156,""IAMS HEALTHY ADULT ORIG W CHKN"",""1901471226"",,""1"",""1"",""0"",""100%"",""$23"",""$23"""
"134871,""IAMS INDOOR WEIGHT/HAIRBALL"",""1901471229"",,""1"",""2"",""(1)"",""200%"",""$23"",""$46"""
"356849,""IAMS ADULT CAT FOOD HAIRBALL"",""1901471238"",,""4"",""1"",""3"",""25%"",""$30"",""$7"""
"41840,""IAMS INDOOR CF WEIGHT/HAIRBALL"",""1901471245"",,""12"",""11"",""1"",""92%"",""$151"",""$139"""
"356847,""IAMS INDOOR CF WEIGHT/HAIRBALL"",""1901471246"",,""8"",""6"",""2"",""75%"",""$60"",""$45"""
"356942,""IAMS HEALTHY ADULT ORIGINAL"",""1901471256"",,""0"",""3"",""(3)"",""N/A"",""$0"",""$22"""
"41277,""IAMS HEALTHY ADULT ORIGINAL"",""1901471257"",,""0"",""2"",""(2)"",""N/A"",""$0"",""$25"""
"356850,""IAMS LIVELY SENIOR CAT FOOD"",""1901471261"",,""4"",""1"",""3"",""25%"",""$30"",""$7"""
"384302,""IAMS PAH BEEF CHICKEN"",""1901480085"",,""2"",""2"",""0"",""100%"",""$33"",""$33"""
"682923,""IAMS PROACTIVE HEALTH HIGH PRO"",""1901480217"",,""0"",""1"",""(1)"",""N/A"",""$0"",""$8"""
"927218,""IAMS PP PATE TUNA"",""1901480231"",,""0"",""5"",""(5)"",""N/A"",""$0"",""$5"""
"641574,""IAMS PP PATE SALMON"",""1901480232"",,""24"",""17"",""7"",""71%"",""$22"",""$16"""
"656783,""IAMS PP PATE CHICKEN KITTEN"",""1901480233"",,""24"",""15"",""9"",""63%"",""$22"",""$14"""
"779840,""IAMS PP CHICK & TUNA TWIN PACK"",""1901480236"",,""0"",""1"",""(1)"",""N/A"",""$0"",""$11"""
"465326,""IAMS PP ADLT CKN CUTS IN GRAVY"",""1901480261"",,""0"",""17"",""(17)"",""N/A"",""$0"",""$16"""
"875857,""IAMS PP INDR SMN CUTS IN GRAVY"",""1901480264"",,""0"",""9"",""(9)"",""N/A"",""$0"",""$8"""
"821879,""IAMS LAMB AND RICE"",""1901480331"",,""4"",""3"",""1"",""75%"",""$78"",""$58"""
"637417,""IAMS LAMB AND RICE"",""1901480334"",,""0"",""1"",""(1)"",""N/A"",""$0"",""$30"""
"956642,""IAMS SMALL/TOY BREED"",""1901480344"",,""4"",""3"",""1"",""75%"",""$44"",""$33"""
"888170,""IAMS DRY CAT ADLT SLMN TN 3.5L"",""1901480411"",,""4"",""1"",""3"",""25%"",""$31"",""$8"""
"566923,""IAMS ADLT SLMN & TN 7LB"",""1901480412"",,""0"",""4"",""(4)"",""N/A"",""$0"",""$54"""
"483668,""IAMS DRY CAT SNSTV DGSTN 3LB"",""1901480510"",,""0"",""1"",""(1)"",""N/A"",""$0"",""$8"""
"695864,""IAMS DRY CAT SNSTV DGSTN 6LB"",""1901480511"",,""0"",""1"",""(1)"",""N/A"",""$0"",""$13"""
"137484,""TEMPTATIONS CREAMY DAIRY FLAV"",""2310000072"",,""0"",""1"",""(1)"",""N/A"",""$0"",""$3"""
"89879,""TEMPTATIONS BLISSFUL CATNIP FL"",""2310000099"",,""12"",""7"",""5"",""58%"",""$18"",""$11"""
"88828,""TEMPTATIONS MIX UPS BACKYARD"",""2310000157"",,""0"",""4"",""(4)"",""N/A"",""$0"",""$6"""
"87450,""TEMPTATIONS MIX UPS SURFERS DL"",""2310000158"",,""0"",""1"",""(1)"",""N/A"",""$0"",""$2"""
"203518,""PEDIGREE GROUND W/CHOPPED BEEF"",""2310001004"",,""12"",""8"",""4"",""67%"",""$10"",""$7"""
"191244,""PEDIGREE GROUND W/BF/CHSD"",""2310001017"",,""0"",""5"",""(5)"",""N/A"",""$0"",""$4"""
"12936,""PEDIGREE GROUND W/BF/BCN/CHS"",""2310001018"",,""12"",""7"",""5"",""58%"",""$16"",""$9"""
"170374,""PED. TGD W CHP CKN SING"",""2310001076"",,""12"",""7"",""5"",""58%"",""$16"",""$9"""
"12939,""PEDIGREE COMBO W/CHKN-BF-LIVER"",""2310001078"",,""12"",""9"",""3"",""75%"",""$16"",""$12"""
"195608,""PEDIGREE GROUND W/TURKEY/BACON"",""2310001108"",,""12"",""11"",""1"",""92%"",""$10"",""$9"""
"42614,""CESAR W/BEEF"",""2310001401"",,""0"",""7"",""(7)"",""N/A"",""$0"",""$6"""
"9676,""CESAR SELECT W/TURKEY"",""2310001407"",,""0"",""6"",""(6)"",""N/A"",""$0"",""$5"""
"742908,""CESAR W/CHICKEN & VEAL"",""2310001411"",,""0"",""4"",""(4)"",""N/A"",""$0"",""$3"""
"210095,""PEDIGREE CHOICE CUTS W/BEEF"",""2310001527"",,""24"",""21"",""3"",""88%"",""$20"",""$18"""
"986760,""PEDIGREE CHOICE CUTS W/BEEF"",""2310001530"",,""12"",""10"",""2"",""83%"",""$16"",""$13"""
"492371,""PEDIGREE PUPPY CMPLT NUTRITION"",""2310001538"",,""2"",""1"",""1"",""50%"",""$27"",""$14"""
"13791,""CESAR FILET MIGNON FLAVOR"",""2310001779"",,""0"",""12"",""(12)"",""N/A"",""$0"",""$9"""
"206562,""PEDIGREE GROUND W/CHICKEN/RICE"",""2310001907"",,""12"",""15"",""(3)"",""125%"",""$10"",""$13"""
"312794,""PEDIGREE DENTASTIX LRG SM BOX"",""2310002347"",,""0"",""1"",""(1)"",""N/A"",""$0"",""$3"""
"15370,""CESAR PORTERHOUSE STEAK FLAVOR"",""2310002451"",,""24"",""6"",""18"",""25%"",""$19"",""$5"""
"54920,""CESAR GRILLED CHICKEN FLAVOR"",""2310002452"",,""24"",""21"",""3"",""88%"",""$19"",""$16"""
"86138,""CESAR PUPPY W/CHICKEN & BEEF"",""2310002607"",,""0"",""2"",""(2)"",""N/A"",""$0"",""$2"""
"601919,""PDGR CHPD CK/BF & BF/BC 12CT"",""2310003320"",,""4"",""4"",""0"",""100%"",""$39"",""$39"""
"36126,""PEDIGREE BEEF VARIETY 12PK CAN"",""2310003321"",,""4"",""4"",""0"",""100%"",""$39"",""$39"""
"11649,""CESAR TOP SIRLOIN FLAVOR"",""2310005672"",,""0"",""4"",""(4)"",""N/A"",""$0"",""$3"""
"72444,""TEMPTATIONS HAIRBLL CONTRL CHK"",""2310008541"",,""12"",""6"",""6"",""50%"",""$18"",""$9"""
"236992,""TEMPTATIONS MIX UPS CATNIP FEV"",""2310010155"",,""0"",""1"",""(1)"",""N/A"",""$0"",""$2"""
"312799,""PEDIGREE DENTASTIX MIN MED BOX"",""2310010224"",,""0"",""1"",""(1)"",""N/A"",""$0"",""$7"""
"170379,""CESAR 4 FLVR VARIETY CUBE"",""2310010257"",,""4"",""3"",""1"",""75%"",""$74"",""$55"""
"171102,""CESAR SAVRY DELGHTS FM BCN&PT"",""2310010266"",,""0"",""19"",""(19)"",""N/A"",""$0"",""$15"""
"172537,""CESAR SAVORY DEL RT CHKN FLV"",""2310010269"",,""0"",""11"",""(11)"",""N/A"",""$0"",""$9"""
"173265,""CESAR SAVORY DLGHTS HM&EGG"",""2310010270"",,""0"",""8"",""(8)"",""N/A"",""$0"",""$6"""
"115743,""PEDIGREE LARGE BREED"",""2310010281"",,""5"",""7"",""(2)"",""140%"",""$68"",""$95"""
"312796,""PEDIGREE DENTASTIX FRESH MED S"",""2310010310"",,""0"",""2"",""(2)"",""N/A"",""$0"",""$7"""
"312806,""PEDIGREE DENTASTIX FRESH LARGE"",""2310010312"",,""0"",""1"",""(1)"",""N/A"",""$0"",""$10"""
"231384,""CESAR SOFTIES FILET MIGNON FLA"",""2310010327"",,""8"",""5"",""3"",""63%"",""$29"",""$18"""
"231379,""CESAR SOFTIES MEDLEY TRIO"",""2310010329"",,""8"",""7"",""1"",""88%"",""$29"",""$25"""
"157162,""PEDIGREE ADLT CMPLT RSTD CKHN"",""2310010339"",,""3"",""6"",""(3)"",""200%"",""$41"",""$81"""
"113654,""PEDIGREE SMALL BREED NUTRITION"",""2310010364"",,""4"",""4"",""0"",""100%"",""$20"",""$20"""
"113656,""PEDIGREE PUPPY COMPLETE NUTRIT"",""2310010365"",,""4"",""2"",""2"",""50%"",""$20"",""$10"""
"112071,""TEMPTATIONS MIX UPS SURFERS DL"",""2310010396"",,""10"",""8"",""2"",""80%"",""$31"",""$25"""
"97913,""TEMPTATIONS MIX UPS BACKYARD"",""2310010397"",,""10"",""12"",""(2)"",""120%"",""$31"",""$38"""
"170237,""CESAR SD ANGUS BEEF SINGLE"",""2310010515"",,""0"",""6"",""(6)"",""N/A"",""$0"",""$5"""
"325574,""TEMPTATIONS TEMPTING TUNA FLAV"",""2310010517"",,""0"",""1"",""(1)"",""N/A"",""$0"",""$3"""
"97911,""TEMPTATIONS MIX UPS CATNIP FEV"",""2310010648"",,""10"",""8"",""2"",""80%"",""$31"",""$25"""
"260826,""CESAR BREAKFAST & DINNER MEALS"",""2310010652"",,""0"",""2"",""(2)"",""N/A"",""$0"",""$19"""
"275050,""PEDIGREE ADULT COMPLETE"",""2310010736"",,""3"",""5"",""(2)"",""167%"",""$69"",""$116"""
"267883,""TEMPTATIONS TASTY CHICKEN FLAV"",""2310010755"",,""0"",""1"",""(1)"",""N/A"",""$0"",""$8"""
"169951,""CSR HM DLGHTS BF STEW"",""2310010831"",,""0"",""10"",""(10)"",""N/A"",""$0"",""$8"""
"169949,""CSR HM DLGHTS TRKY&POT"",""2310010832"",,""0"",""5"",""(5)"",""N/A"",""$0"",""$4"""
"169919,""CSR HM DLGHTS CHK&VEG"",""2310010835"",,""24"",""15"",""9"",""63%"",""$19"",""$12"""
"169893,""CSR HM DLGHTS POT RST"",""2310010836"",,""0"",""8"",""(8)"",""N/A"",""$0"",""$6"""
"97897,""TEMPTATIONS MIX UPS SURFERS DL"",""2310010925"",,""0"",""3"",""(3)"",""N/A"",""$0"",""$25"""
"97894,""TEMPTATIONS MIX UPS BACKYARD"",""2310010926"",,""4"",""6"",""(2)"",""150%"",""$33"",""$49"""
"165963,""SHEBA PERF PORT SINGLE SEAFOOD"",""2310011019"",,""0"",""34"",""(34)"",""N/A"",""$0"",""$22"""
"165966,""SHEBA PERF PORT SINGLE CHICKEN"",""2310011020"",,""0"",""7"",""(7)"",""N/A"",""$0"",""$4"""
"166199,""SHEBA PERF PORT SINGLE SALMON"",""2310011021"",,""24"",""18"",""6"",""75%"",""$15"",""$12"""
"166153,""SHEBA PERF PORT SINGL CKN-LIVR"",""2310011022"",,""0"",""6"",""(6)"",""N/A"",""$0"",""$4"""
"166145,""SHEBA PERF PORT SINGL CKN&TUNA"",""2310011023"",,""24"",""24"",""0"",""100%"",""$15"",""$15"""
"166219,""SHEBA PERF PORT SINGL WTFH&TUN"",""2310011024"",,""24"",""26"",""(2)"",""108%"",""$15"",""$17"""
"166206,""SHEBA PERF PORT SINGLE BEEF"",""2310011025"",,""24"",""13"",""11"",""54%"",""$15"",""$8"""
"12386,""SHEBA PP MK CHICKEN TURKEY"",""2310011027"",,""4"",""2"",""2"",""50%"",""$34"",""$17"""
"370191,""SHEBA PP 12CT PATE SEAFO MULI"",""2310011028"",,""4"",""3"",""1"",""75%"",""$34"",""$26"""
"63753,""PED SMALL BREED STEAK & VEGGIE"",""2310011034"",,""4"",""5"",""(1)"",""125%"",""$20"",""$25"""
"65617,""PED SMALL BREED STK & VEG"",""2310011035"",,""8"",""6"",""2"",""75%"",""$108"",""$82"""
"325582,""TEMPTATIONS CREAMY DAIRY FLAV"",""2310011080"",,""0"",""2"",""(2)"",""N/A"",""$0"",""$16"""
"331933,""TEMPTATIONS MIX UPS CATNIP FEV"",""2310011081"",,""4"",""3"",""1"",""75%"",""$33"",""$25"""
"192000,""PED TGD FLT MGN SINGLE"",""2310011116"",,""24"",""17"",""7"",""71%"",""$19"",""$13"""
"319666,""PEDIGREE ADULT STEAK/VEG BONUS"",""2310011131"",,""4"",""7"",""(3)"",""175%"",""$54"",""$95"""
"111951,""SHEBA PP TUNA CUTS"",""2310011415"",,""0"",""16"",""(16)"",""N/A"",""$0"",""$10"""
"336525,""SHEBA PP ROASTED CHICKEN"",""2310011416"",,""24"",""11"",""13"",""46%"",""$15"",""$7"""
"111804,""SHEBA PP TURKEY CUTS"",""2310011417"",,""24"",""25"",""(1)"",""104%"",""$15"",""$16"""
"336538,""SHEBA PP GOURMET SALMON"",""2310011418"",,""48"",""32"",""16"",""67%"",""$31"",""$20"""
"112110,""SHEBA PP WHITEFISH & TUNA CUTS"",""2310011420"",,""0"",""25"",""(25)"",""N/A"",""$0"",""$16"""
"354723,""CESAR HD MIXED 24PK"",""2310011437"",,""0"",""1"",""(1)"",""N/A"",""$0"",""$18"""
"336498,""SHEBA PRFT PORTIONS MULTI"",""2310011516"",,""2"",""2"",""0"",""100%"",""$17"",""$17"""
"354710,""CESAR DRY FLT MIGN VEG 2.7LB"",""2310011624"",,""4"",""2"",""2"",""50%"",""$22"",""$11"""
"325604,""TEMPTATIONS TEMPTING TUNA FLAV"",""2310011642"",,""0"",""1"",""(1)"",""N/A"",""$0"",""$8"""
"325571,""TEMPTATIONS BLISSFUL CATNIP FL"",""2310011643"",,""10"",""3"",""7"",""30%"",""$31"",""$9"""
"994621,""TEMPTATIONS SEAFOOD MEDLEY30OZ"",""2310011719"",,""2"",""1"",""1"",""50%"",""$30"",""$15"""
"323168,""SHEBA MEATY STICKS CHICKEN"",""2310011781"",,""0"",""3"",""(3)"",""N/A"",""$0"",""$5"""
"323166,""SHEBA MEATY STICKS SALMON"",""2310011782"",,""0"",""4"",""(4)"",""N/A"",""$0"",""$6"""
"358219,""PED PCH MEATY GROUND CHICKEN"",""2310011801"",,""16"",""18"",""(2)"",""113%"",""$9"",""$10"""
"354785,""PED PCH BEEF BCN CHS 1CT"",""2310011802"",,""16"",""10"",""6"",""63%"",""$9"",""$5"""
"354761,""PEDIGREE CHOICE CUTS VP"",""2310011813"",,""0"",""1"",""(1)"",""N/A"",""$0"",""$4"""
"354765,""PEDIGREE GRND DIN PCH VP"",""2310011816"",,""0"",""1"",""(1)"",""N/A"",""$0"",""$4"""
"111752,""SHEBA PP SALMON & SHRIMP CUTS"",""2310011831"",,""24"",""26"",""(2)"",""108%"",""$15"",""$17"""
"832494,""SHEBA PP TUNA SHRIMP CUTS"",""2310011832"",,""24"",""26"",""(2)"",""108%"",""$15"",""$17"""
"111661,""SHEBA PP CHKN TRKY CUTS"",""2310011833"",,""2"",""3"",""(1)"",""150%"",""$17"",""$26"""
"111636,""SHEBA PP CHKN TUNA"",""2310011834"",,""4"",""4"",""0"",""100%"",""$34"",""$34"""
"355117,""PEDIGREE POUCH VP CHK BF CASS"",""2310011837"",,""4"",""4"",""0"",""100%"",""$35"",""$35"""
"354794,""PED PCH FILET MGN GRVY"",""2310011900"",,""16"",""20"",""(4)"",""125%"",""$9"",""$11"""
"579505,""CESAR GLZD HAM FLVR DCD POTATO"",""2310011998"",,""24"",""11"",""13"",""46%"",""$19"",""$9"""
"111294,""CESAR LE BRAISED RIB FLAVOR"",""2310011999"",,""0"",""11"",""(11)"",""N/A"",""$0"",""$9"""
"524344,""CRAVE PP REAL CHICKEN"",""2310012301"",,""0"",""11"",""(11)"",""N/A"",""$0"",""$12"""
"794265,""CRAVE PP REAL SALMON"",""2310012302"",,""24"",""18"",""6"",""75%"",""$26"",""$20"""
"585955,""CRAVE PP TURKEY & SALMON"",""2310012308"",,""0"",""1"",""(1)"",""N/A"",""$0"",""$13"""
"729065,""PEDIGREE HIGH PROT BEEF & LAMB"",""2310013506"",,""12"",""0"",""12"",""0%"",""$15"",""$0"""
"828060,""PEDIGREE HIGH PROT VARIETY PK"",""2310013507"",,""1"",""0"",""1"",""0%"",""$15"",""$0"""
"170232,""CESAR GFIS PRIME RIB SINGLE"",""2310023529"",,""0"",""8"",""(8)"",""N/A"",""$0"",""$6"""
"48794,""CESAR NW YK STRIP/FLT MGN 12PK"",""2310023537"",,""4"",""2"",""2"",""50%"",""$37"",""$19"""
"312792,""PEDIGREE DENTASTIX MINI SM BOX"",""2310027789"",,""0"",""4"",""(4)"",""N/A"",""$0"",""$14"""
"123840,""PEDIGREE SMALL BREED CHICKEN"",""2310029161"",,""0"",""1"",""(1)"",""N/A"",""$0"",""$14"""
"95921,""TEMPTATIONS TEMPTING TUNA FLAV"",""2310032784"",,""12"",""4"",""8"",""33%"",""$18"",""$6"""
"55791,""CESAR SUNRISE STEAK & EGG FLVR"",""2310033581"",,""0"",""12"",""(12)"",""N/A"",""$0"",""$10"""
"312804,""PEDIGREE DENTASTIX MED MED BOX"",""2310039606"",,""4"",""1"",""3"",""25%"",""$29"",""$7"""
"54941,""CESAR FIL MIG/PORHSE VAR 12 PK"",""2310070295"",,""4"",""4"",""0"",""100%"",""$37"",""$38"""
"297746,""PETMATE JUMBO CAT LITER SCOOP"",""2969529112"",,""0"",""10"",""(10)"",""N/A"",""$0"",""$16"""
"968146,""NUDGES JERKY CUTS W/CHKN 16OZ"",""3140005263"",,""8"",""3"",""5"",""38%"",""$92"",""$35"""
"738462,""NUDGES GRILLERS W/STEAK 16OZ"",""3140006303"",,""5"",""3"",""2"",""60%"",""$58"",""$35"""
"448302,""NUDGES HOME STYLE 10OZ"",""3140006941"",,""6"",""3"",""3"",""50%"",""$43"",""$22"""
"365774,""HARTZ DELCTBLES STW TNA&WT FSH"",""3270011054"",,""24"",""32"",""(8)"",""133%"",""$23"",""$30"""
"365773,""HARTZ DELCTBLES STW SR CHK&TNA"",""3270011055"",,""12"",""16"",""(4)"",""133%"",""$11"",""$15"""
"320360,""DELECTABLES BISQUE TUNA & CHK"",""3270011056"",,""36"",""41"",""(5)"",""114%"",""$34"",""$39"""
"302813,""HP ODR ELMNTG PADS LAVNDR"",""3270014840"",,""0"",""1"",""(1)"",""N/A"",""$0"",""$22"""
"241281,""A&H ULTRA LAST CAT LITTER"",""3320002203"",,""0"",""1"",""(1)"",""N/A"",""$0"",""$8"""
"262608,""ARM & HAM CLUMP & SEAL MC LTR"",""3320002204"",,""4"",""3"",""1"",""75%"",""$43"",""$32"""
"63531,""A&H MULTI-CAT CLUMPING LITTER"",""3320002206"",,""8"",""5"",""3"",""63%"",""$64"",""$40"""
"57545,""A&H MULTICAT UNSCNTD CAT LTR"",""3320002207"",,""4"",""3"",""1"",""75%"",""$33"",""$26"""
"262587,""ARM & HAM CLUMP & SEAL MC LTR"",""3320002292"",,""5"",""5"",""0"",""100%"",""$74"",""$74"""
"263994,""A&H DOUBLE DUTY CAT LITTER"",""3320002297"",,""3"",""3"",""0"",""100%"",""$32"",""$32"""
"620867,""A&H MULTI CAT SCOOP 40LB"",""3320002406"",,""1"",""1"",""0"",""100%"",""$15"",""$15"""
"241280,""A&H DOUBLE DUTY CAT LITTER"",""3320002408"",,""4"",""3"",""1"",""75%"",""$59"",""$44"""
"683730,""ARM & HAMMER LITTER DEODORIZER"",""3320015020"",,""0"",""10"",""(10)"",""N/A"",""$0"",""$22"""
"23929,""AH CLMP SEAL LT WGT MULTI CAT"",""3320094187"",,""4"",""5"",""(1)"",""125%"",""$47"",""$59"""
"315148,""A&H C&S MICROGUARD CAT LITTER"",""3320094192"",,""3"",""2"",""1"",""67%"",""$26"",""$17"""
"353151,""A&H SLIDE CLMPNG LTTR MULTI"",""3320097354"",,""3"",""4"",""(1)"",""133%"",""$28"",""$37"""
"353152,""A&H SLIDE CLMPNG LTTR MULTI"",""3320097357"",,""10"",""9"",""1"",""90%"",""$120"",""$108"""
"353153,""A&H SLIDE CLMPNG LTTR MULTI"",""3320097360"",,""2"",""2"",""0"",""100%"",""$34"",""$34"""
"171613,""BEGGIN STRIPS BACON"",""3810001617"",,""4"",""5"",""(1)"",""125%"",""$38"",""$48"""
"101174,""BUSY BONE SMALL/MEDIUM"",""3810003295"",,""6"",""4"",""2"",""67%"",""$16"",""$11"""
"171615,""BEGGIN STRIPS BACON & CHEESE"",""3810011144"",,""4"",""2"",""2"",""50%"",""$38"",""$19"""
"21630,""BUSY BONE MINI"",""3810012891"",,""8"",""9"",""(1)"",""113%"",""$21"",""$24"""
"133985,""BUSY BONE SMALL/MEDIUM"",""3810013038"",,""4"",""5"",""(1)"",""125%"",""$28"",""$35"""
"313949,""BEGGIN LITTLES BCN AND CHEESE"",""3810017120"",,""0"",""1"",""(1)"",""N/A"",""$0"",""$3"""
"359088,""BUSY BEGGIN TWISTD SM&MED"",""3810017255"",,""0"",""2"",""(2)"",""N/A"",""$0"",""$27"""
"313970,""BUSY CHEW BEGGIN TWISTED 2PK"",""3810017391"",,""6"",""8"",""(2)"",""133%"",""$16"",""$21"""
"145987,""BUSY TWISTD SMALL MEDIUM"",""3810017397"",,""12"",""8"",""4"",""67%"",""$84"",""$56"""
"949620,""BB BEGGIN TWIST TINY 10PK"",""3810017647"",,""6"",""6"",""0"",""100%"",""$21"",""$21"""
"266270,""MOIST & MEATY BURGR W/CHZ 36CT"",""3810033048"",,""3"",""2"",""1"",""67%"",""$42"",""$28"""
"37023,""BEGGIN STRIPS BACON"",""3810049621"",,""0"",""6"",""(6)"",""N/A"",""$0"",""$17"""
"278133,""HEB TEXAS SPORTING DOG FORMULA"",""4122000786"",,""6"",""5"",""1"",""83%"",""$60"",""$50"""
"596619,""HCF DOG CAN CHOPPED BEEF"",""4122000862"",,""0"",""4"",""(4)"",""N/A"",""$0"",""$2"""
"596528,""HCF DOG CAN BEEF CUTS"",""4122000863"",,""0"",""1"",""(1)"",""N/A"",""$0"",""$1"""
"596478,""HCF DOG CAN PUPPY FOOD"",""4122000866"",,""0"",""11"",""(11)"",""N/A"",""$0"",""$6"""
"334697,""HR PUPPY SAMPLE"",""4122000894"",,""6"",""7"",""(1)"",""117%"",""$9"",""$11"""
"334646,""HR DRY CAT GF SALMON&CHICK PEA"",""4122001223"",,""6"",""6"",""0"",""100%"",""$9"",""$9"""
"334695,""HR DRY CAT GF CHICKEN&CHIC PEA"",""4122001224"",,""6"",""7"",""(1)"",""117%"",""$9"",""$11"""
"334655,""HR DRY CAT GRAIN FREE KITTEN"",""4122001225"",,""0"",""4"",""(4)"",""N/A"",""$0"",""$6"""
"307617,""HCF CAT POUCH SEAFD VARIETY PK"",""4122002013"",,""4"",""4"",""0"",""100%"",""$17"",""$17"""
"307618,""HCF CAT POUCH POLTRY VRIETY PK"",""4122002014"",,""2"",""2"",""0"",""100%"",""$9"",""$9"""
"307608,""HCF CAT FOOD CAN SALMON"",""4122002020"",,""0"",""7"",""(7)"",""N/A"",""$0"",""$5"""
"311737,""HEB TEXAS PETS MINI BURGER"",""4122004115"",,""0"",""2"",""(2)"",""N/A"",""$0"",""$14"""
"311739,""HEB TEXAS PETS SUMMER SAUSAGE"",""4122004117"",,""0"",""3"",""(3)"",""N/A"",""$0"",""$21"""
"313128,""HEB CHICKEN JERKY TREATS 24OZ"",""4122004300"",,""0"",""35"",""(35)"",""N/A"",""$0"",""$525"""
"307322,""HCF CAT CAN WHITEFISH & TUNA"",""4122005158"",,""0"",""13"",""(13)"",""N/A"",""$0"",""$6"""
"287078,""HCF CAT CAN SALMON"",""4122005160"",,""0"",""12"",""(12)"",""N/A"",""$0"",""$5"""
"284083,""HCF CAT CAN LIVER & CHICKEN"",""4122005164"",,""0"",""2"",""(2)"",""N/A"",""$0"",""$1"""
"694076,""HEB DRY CAT KITTEN FORMULA"",""4122005224"",,""4"",""3"",""1"",""75%"",""$13"",""$10"""
"560194,""HEB DRY CAT KITTEN FORMULA"",""4122005225"",,""0"",""2"",""(2)"",""N/A"",""$0"",""$12"""
"22263,""HEB PUDDLE BUSTERS"",""4122005255"",,""4"",""7"",""(3)"",""175%"",""$34"",""$59"""
"294418,""HR DRY CAT GF CHICKEN&CHIC PEA"",""4122006351"",,""0"",""2"",""(2)"",""N/A"",""$0"",""$36"""
"353739,""HEB PUDDLE BUSTER LAVENDER"",""4122007808"",,""64"",""5"",""59"",""8%"",""$543"",""$43"""
"335493,""HEB PUDDLE BUSTERS JUMBO"",""4122008240"",,""4"",""3"",""1"",""75%"",""$76"",""$57"""
"195216,""HERITAGE RANCH APPLE DOG SNCKS"",""4122010286"",,""48"",""8"",""40"",""17%"",""$167"",""$28"""
"13585,""HCF DOG POUCH BF/CK/TK VP"",""4122010297"",,""2"",""2"",""0"",""100%"",""$11"",""$11"""
"3602,""HR GRAIN FREE CHICKEN DRY DOG"",""4122010455"",,""8"",""6"",""2"",""75%"",""$80"",""$60"""
"351116,""HEB SMOKED PORK DRY DOG FOOD"",""4122011098"",,""0"",""1"",""(1)"",""N/A"",""$0"",""$10"""
"377178,""HEB BACON&CHSE DRY DOG FOOD"",""4122011108"",,""0"",""3"",""(3)"",""N/A"",""$0"",""$30"""
"356803,""HR DENTAL STKS APL GRN TEA"",""4122014299"",,""6"",""10"",""(4)"",""167%"",""$18"",""$30"""
"356804,""HR DENTAL STKS PEPPERMNT PRSLY"",""4122014300"",,""12"",""10"",""2"",""83%"",""$36"",""$30"""
"356805,""HR DENTAL STKS APPL GRN TEA"",""4122014301"",,""4"",""6"",""(2)"",""150%"",""$28"",""$42"""
"356807,""HR DENTAL STK PEPPERMNT PRSLY"",""4122014302"",,""16"",""9"",""7"",""56%"",""$112"",""$63"""
"278235,""HEB HEALTHY BITES WGHT MGMT"",""4122017053"",,""1"",""1"",""0"",""100%"",""$10"",""$10"""
"278138,""HEB SENIOR FORMULA"",""4122017356"",,""3"",""1"",""2"",""33%"",""$30"",""$10"""
"334664,""HR DRY DOG CHICKEN SAMPLE"",""4122017881"",,""6"",""8"",""(2)"",""133%"",""$9"",""$12"""
"334648,""HR DRY DOG GF CHICKEN SAMPLE"",""4122018074"",,""6"",""12"",""(6)"",""200%"",""$9"",""$18"""
"20470,""HEB PUDDLE BUSTERS"",""4122018149"",,""32"",""11"",""21"",""34%"",""$496"",""$170"""
"762314,""HEB DRY CAT INDOOR FORMULA"",""4122018365"",,""4"",""2"",""2"",""50%"",""$13"",""$7"""
"579281,""HEB SMALL BITES 8LB"",""4122018658"",,""0"",""2"",""(2)"",""N/A"",""$0"",""$11"""
"370226,""HR JUMBO BISCUITS PUMPKIN CIN"",""4122020980"",,""0"",""4"",""(4)"",""N/A"",""$0"",""$4"""
"370229,""HR JMBO BISCT GINGERBREAD"",""4122020983"",,""0"",""3"",""(3)"",""N/A"",""$0"",""$3"""
"20322,""HCF CAT POUCH STEAK & SHRIMP"",""4122024529"",,""24"",""4"",""20"",""17%"",""$9"",""$2"""
"159374,""HCF DOG POUCH FILET MIGNON"",""4122024542"",,""0"",""2"",""(2)"",""N/A"",""$0"",""$1"""
"159355,""HCF DOG CAN BF/CK GVP 12/13.2"",""4122024543"",,""1"",""2"",""(1)"",""200%"",""$7"",""$14"""
"456684,""HEB DRY CAT 4 FLAVOR MORSEL"",""4122024560"",,""0"",""1"",""(1)"",""N/A"",""$0"",""$3"""
"380876,""HR CHICKEN & BRN RICE DRY DOG"",""4122024726"",,""6"",""6"",""0"",""100%"",""$270"",""$270"""
"380879,""HR GF BEEF & CHICKPEA DRY DOG"",""4122024754"",,""4"",""3"",""1"",""75%"",""$72"",""$54"""
"380885,""HR GF BEEF & CHICKPEA DRY DOG"",""4122024759"",,""2"",""2"",""0"",""100%"",""$76"",""$76"""
"380888,""HR GF BEEF & CHICKPEA DRY DOG"",""4122024768"",,""1"",""1"",""0"",""100%"",""$48"",""$48"""
"380892,""HR LAMB & BRN RICE DRY DOG"",""4122024792"",,""2"",""2"",""0"",""100%"",""$90"",""$90"""
"380895,""HR PUPPY FOOD DRY DOG"",""4122024806"",,""6"",""6"",""0"",""100%"",""$107"",""$107"""
"906533,""HEB DRY CAT ADULT COMPLETE"",""4122024887"",,""0"",""2"",""(2)"",""N/A"",""$0"",""$14"""
"5948,""HR HEALTHY WGHT TURKEY DRY DOG"",""4122025118"",,""4"",""4"",""0"",""100%"",""$31"",""$31"""
"1777,""HR GRAIN FREE CHICKEN DRY DOG"",""4122025163"",,""6"",""4"",""2"",""67%"",""$107"",""$72"""
"2139,""HR GRAIN FREE CHICKEN DRY DOG"",""4122025368"",,""1"",""4"",""(3)"",""400%"",""$38"",""$152"""
"4707,""HR GRAIN FREE SALMON DRY DOG"",""4122025485"",,""12"",""10"",""2"",""83%"",""$120"",""$100"""
"389425,""HEB CHICKEN & WAFFLE FLAVOR"",""4122029458"",,""6"",""4"",""2"",""67%"",""$27"",""$18"""
"9285,""HR RB CKN&BRN RC DRY DOG FD"",""4122029879"",,""13"",""12"",""1"",""92%"",""$232"",""$215"""
"4845,""HR GRAIN FREE SALMON DRY DOG"",""4122030815"",,""2"",""3"",""(1)"",""150%"",""$78"",""$117"""
"359298,""HCF CHOPPED BURGER"",""4122033186"",,""0"",""1"",""(1)"",""N/A"",""$0"",""$4"""
"355615,""HCF CHOPPED BURGER WITH CHEESE"",""4122033187"",,""4"",""2"",""2"",""50%"",""$15"",""$7"""
"538368,""HEB BBQ BRISKET FLAVOUR STRIP"",""4122037915"",,""6"",""5"",""1"",""83%"",""$27"",""$22"""
"10893,""HR RB LAMB&BRN RC DRY DOG"",""4122039535"",,""4"",""2"",""2"",""50%"",""$36"",""$18"""
"583747,""HERITAGE RANCH BY HEB MOBILITY"",""4122055629"",,""6"",""7"",""(1)"",""117%"",""$36"",""$42"""
"929985,""HERITAGE RANCH BY HEB COGNITIV"",""4122055632"",,""6"",""3"",""3"",""50%"",""$36"",""$18"""
"480778,""HERITAGE RANCH BY HEB ANTIOXID"",""4122055634"",,""0"",""2"",""(2)"",""N/A"",""$0"",""$12"""
"617638,""HEB ODOR CNTRL UNS 20 LB BAG"",""4122057561"",,""2"",""2"",""0"",""100%"",""$10"",""$10"""
"278231,""HEB TEXAS BBQ BRISKET DRY DOG"",""4122058664"",,""0"",""1"",""(1)"",""N/A"",""$0"",""$18"""
"802875,""HCF NON-CLUMPING UNSCENTED"",""4122060122"",,""0"",""5"",""(5)"",""N/A"",""$0"",""$7"""
"439506,""HEB CLMPNG LTTR LTWGHT SCNTD"",""4122060905"",,""2"",""3"",""(1)"",""150%"",""$20"",""$30"""
"607574,""HEB CLMPNG LTTR MLTI CAT SCNTD"",""4122060908"",,""2"",""3"",""(1)"",""150%"",""$9"",""$13"""
"703208,""HEB CLMPNG LTTR MLTI CAT SCNTD"",""4122060911"",,""2"",""3"",""(1)"",""150%"",""$14"",""$22"""
"943108,""HEB CLMPNG LTTR ODR CNTRL SCNT"",""4122060913"",,""12"",""12"",""0"",""100%"",""$63"",""$63"""
"929606,""HEB CLMPNG LTTR ODR CNTRL SCNT"",""4122060914"",,""8"",""4"",""4"",""50%"",""$58"",""$29"""
"734106,""HEB CLMPNG LTTR ODR CNTRL SCNT"",""4122060915"",,""1"",""1"",""0"",""100%"",""$12"",""$12"""
"661350,""HEB CLMPNG LTTR ODR CNTRL UNSC"",""4122060917"",,""6"",""6"",""0"",""100%"",""$32"",""$32"""
"581208,""HEB CLMPNG LTTR ODR CNTRL UNSC"",""4122060918"",,""8"",""9"",""(1)"",""113%"",""$56"",""$63"""
"991517,""HEB CLMPNG LTTR ODR CNTRL UNSC"",""4122060920"",,""1"",""1"",""0"",""100%"",""$12"",""$12"""
"980771,""HCF CAT CAN CHICKEN"",""4122063405"",,""0"",""5"",""(5)"",""N/A"",""$0"",""$2"""
"980953,""HCF CAT CAN OCN WHTFSH & TUNA"",""4122063406"",,""0"",""2"",""(2)"",""N/A"",""$0"",""$1"""
"980888,""HCF CAT CAN LIVER & BACON"",""4122063408"",,""0"",""8"",""(8)"",""N/A"",""$0"",""$3"""
"981613,""HCF CAT CAN TURKEY & GIBLETS"",""4122063409"",,""0"",""0"",""0"",""N/A"",""$0"",""$0"""
"981043,""HCF CAT CAN SALMON"",""4122063416"",,""0"",""7"",""(7)"",""N/A"",""$0"",""$3"""
"980904,""HCF CAT CAN MARINERS CATCH"",""4122063417"",,""0"",""3"",""(3)"",""N/A"",""$0"",""$1"""
"278229,""HEB TEXAS BBQ BRISKET DRY DOG"",""4122064671"",,""6"",""4"",""2"",""67%"",""$60"",""$40"""
"70232,""HCF DOG POUCH CTST/FLM/L&R VP"",""4122064915"",,""2"",""1"",""1"",""50%"",""$11"",""$6"""
"70167,""HCF DOG CAN CK/L&R - 12/13.2"",""4122064916"",,""1"",""1"",""0"",""100%"",""$7"",""$7"""
"278134,""HEB SMALL BITES"",""4122065923"",,""4"",""3"",""1"",""75%"",""$36"",""$27"""
"235310,""HEB ADULT DRY DOG FOOD 50LB"",""4122066156"",,""6"",""6"",""0"",""100%"",""$119"",""$120"""
"278230,""HEB HEALTHY BITES ORIGINAL"",""4122066192"",,""1"",""1"",""0"",""100%"",""$10"",""$10"""
"67775,""HCF CAT POUCH CHICKEN & GRAVY"",""4122067509"",,""0"",""9"",""(9)"",""N/A"",""$0"",""$3"""
"67781,""HCF CAT POUCH TURKEY & GIBLETS"",""4122067510"",,""0"",""4"",""(4)"",""N/A"",""$0"",""$2"""
"67783,""HCF CAT POUCH TUNA"",""4122067512"",,""0"",""3"",""(3)"",""N/A"",""$0"",""$1"""
"67762,""HCF DOG POUCH BEEF & GRAVY"",""4122067517"",,""0"",""2"",""(2)"",""N/A"",""$0"",""$1"""
"67766,""HCF DOG POUCH TURKEY & GRAVY"",""4122067519"",,""0"",""10"",""(10)"",""N/A"",""$0"",""$5"""
"60570,""HCF DOG CAN TURKEY & BACON"",""4122067521"",,""0"",""1"",""(1)"",""N/A"",""$0"",""$1"""
"60528,""HCF DOG CAN LAMB & RICE"",""4122067527"",,""0"",""6"",""(6)"",""N/A"",""$0"",""$3"""
"60523,""HCF DOG CAN CK/BEEF/LIVER"",""4122067528"",,""0"",""1"",""(1)"",""N/A"",""$0"",""$1"""
"72450,""HCF CHOPPED BURGER WITH CHEESE"",""4122067651"",,""1"",""0"",""1"",""0%"",""$11"",""$0"""
"318089,""HCF DOG CAN CHICKEN CUTS"",""4122068708"",,""0"",""6"",""(6)"",""N/A"",""$0"",""$3"""
"244418,""HCF DOG CAN CHICKEN & RICE"",""4122068714"",,""12"",""4"",""8"",""33%"",""$7"",""$2"""
"290221,""HCF DOG CAN CHICKEN CUTS"",""4122068715"",,""0"",""3"",""(3)"",""N/A"",""$0"",""$3"""
"7350,""HR RB CKN&BRN RC DRY DOG FD"",""4122071568"",,""12"",""12"",""0"",""100%"",""$95"",""$95"""
"4727,""HR GRAIN FREE SALMON DRY DOG"",""4122071705"",,""10"",""8"",""2"",""80%"",""$179"",""$144"""
"11033,""HR RB LAMB&BRN RC DRY DOG"",""4122078106"",,""8"",""7"",""1"",""88%"",""$152"",""$133"""
"550660,""HEB DRY CAT YUMMY BREAKFAST"",""4122078873"",,""4"",""1"",""3"",""25%"",""$24"",""$6"""
"278131,""HEB TEXAS SPORTING DOG FORMULA"",""4122079201"",,""1"",""3"",""(2)"",""300%"",""$18"",""$37"""
"979411,""HEB DRY CAT GULF COAST MORSELS"",""4122079319"",,""4"",""1"",""3"",""25%"",""$13"",""$3"""
"294403,""HR DRY CAT GF SALMON&CHICK PEA"",""4122079427"",,""0"",""5"",""(5)"",""N/A"",""$0"",""$50"""
"671246,""HEB DRY CAT INDOOR FORMULA"",""4122079489"",,""4"",""4"",""0"",""100%"",""$28"",""$28"""
"747958,""HEB DRY CAT ADULT COMPLETE"",""4122079630"",,""4"",""2"",""2"",""50%"",""$13"",""$7"""
"275579,""HEB CAT FOOD 4 FLAVOR MORSEL"",""4122080141"",,""0"",""1"",""(1)"",""N/A"",""$0"",""$10"""
"505952,""HEB DRY CAT YUMMY BREAKFAST"",""4122080292"",,""4"",""1"",""3"",""25%"",""$13"",""$3"""
"974528,""HEB DRY CAT 4 FLAVOR MORSEL"",""4122080296"",,""0"",""1"",""(1)"",""N/A"",""$0"",""$7"""
"294399,""HR DRY CAT GF CHICKEN&CHIC PEA"",""4122080662"",,""4"",""3"",""1"",""75%"",""$40"",""$30"""
"275593,""HEB CAT FOOD INDOOR FORMULA"",""4122081223"",,""2"",""1"",""1"",""50%"",""$20"",""$10"""
"334693,""HR DRY DOG GF SALMON SAMPLE"",""4122081306"",,""12"",""14"",""(2)"",""117%"",""$18"",""$21"""
"275587,""HEB CAT FOOD SMOKEHOUSE MORSEL"",""4122082029"",,""4"",""1"",""3"",""25%"",""$16"",""$4"""
"953815,""HEB DOG FOOD WITH BEEF"",""4122083245"",,""30"",""26"",""4"",""87%"",""$15"",""$13"""
"680467,""HEB TP CHICKEN & SIRLOIN VP"",""4122083502"",,""5"",""5"",""0"",""100%"",""$30"",""$30"""
"138245,""HCF DOG BISCUIT PEANUT BUTTER"",""4122084049"",,""12"",""9"",""3"",""75%"",""$24"",""$18"""
"195218,""HERITAGE RANCH PUMPKN DOG SNCK"",""4122084225"",,""8"",""11"",""(3)"",""138%"",""$28"",""$38"""
"138240,""HCF DOG BISCUIT ORIGINAL LARGE"",""4122084713"",,""7"",""7"",""0"",""100%"",""$26"",""$26"""
"12182,""HEB BARKING STRIPS 8PK"",""4122084971"",,""8"",""9"",""(1)"",""113%"",""$16"",""$18"""
"161808,""HEB BARKIN STRIPS"",""4122084974"",,""8"",""12"",""(4)"",""150%"",""$44"",""$66"""
"161625,""HEB BARKIN STRIPS BACON/CHEESE"",""4122084983"",,""0"",""3"",""(3)"",""N/A"",""$0"",""$13"""
"161594,""HEB JERKY STIX"",""4122084987"",,""10"",""10"",""0"",""100%"",""$20"",""$20"""
"161546,""HEB JERKY STIX"",""4122084989"",,""8"",""7"",""1"",""88%"",""$63"",""$55"""
"161128,""HEB PRIME CHOPS"",""4122084992"",,""10"",""6"",""4"",""60%"",""$20"",""$13"""
"160907,""HEB SMOKEY WRAPS"",""4122084993"",,""0"",""6"",""(6)"",""N/A"",""$0"",""$12"""
"220901,""HEB CAT TREATS - OCEANFISH"",""4122084996"",,""0"",""1"",""(1)"",""N/A"",""$0"",""$1"""
"220903,""HEB CAT TREATS - TUNA"",""4122084998"",,""0"",""4"",""(4)"",""N/A"",""$0"",""$5"""
"235320,""HEB PUPPY DRY DOG FOOD 15.5LB"",""4122085339"",,""4"",""4"",""0"",""100%"",""$29"",""$29"""
"783335,""HEB PUPPY FOOD CHICKEN & BEEF"",""4122086167"",,""0"",""4"",""(4)"",""N/A"",""$0"",""$2"""
"558837,""HEB DOG FOOD BACON & EGG"",""4122086171"",,""15"",""14"",""1"",""93%"",""$8"",""$7"""
"686077,""HEB DOG FOOD PORTERHOUSE"",""4122086175"",,""0"",""22"",""(22)"",""N/A"",""$0"",""$11"""
"901562,""HEB DOG FOOD FILET MIGNON"",""4122086176"",,""30"",""43"",""(13)"",""143%"",""$15"",""$22"""
"782636,""HEB DOG FOOD SIRLOIN"",""4122086177"",,""0"",""10"",""(10)"",""N/A"",""$0"",""$5"""
"294401,""HR GRAIN FREE KITTEN DRY CAT"",""4122086192"",,""4"",""0"",""4"",""0%"",""$40"",""$0"""
"697113,""HEB TP FILET MIGNON PORTER VP"",""4122086218"",,""5"",""7"",""(2)"",""140%"",""$30"",""$42"""
"573921,""HERITAGE RANCH GF PUPPY"",""4122086225"",,""4"",""2"",""2"",""50%"",""$40"",""$20"""
"446706,""HERITAGE RANCH LID DUCK"",""4122086236"",,""0"",""2"",""(2)"",""N/A"",""$0"",""$26"""
"515930,""HERITAGE RANCH LID DUCK"",""4122086237"",,""4"",""3"",""1"",""75%"",""$84"",""$63"""
"454758,""HERITAGE RANCH SMALL BREED"",""4122086238"",,""0"",""3"",""(3)"",""N/A"",""$0"",""$27"""
"754306,""HERITAGE RANCH SENIOR SALMON"",""4122086252"",,""3"",""3"",""0"",""100%"",""$60"",""$60"""
"235176,""HEB ADULT DRY DOG FOOD 20LB"",""4122087310"",,""8"",""7"",""1"",""88%"",""$84"",""$73"""
"793766,""HEB HR SALMON LAMB VP"",""4122087892"",,""1"",""0"",""1"",""0%"",""$5"",""$0"""
"393159,""HEB PUPPY DRY DOG FOOD 8LB"",""4122087926"",,""8"",""1"",""7"",""13%"",""$36"",""$5"""
"654714,""HEB HR TURKEY SWEET POTATO"",""4122088065"",,""12"",""0"",""12"",""0%"",""$12"",""$0"""
"223083,""HCF CAT CAN SHREDDED CHICKEN"",""4122088214"",,""0"",""3"",""(3)"",""N/A"",""$0"",""$1"""
"223082,""HCF CAT CAN SHREDDED CK/SAL"",""4122088215"",,""24"",""2"",""22"",""8%"",""$10"",""$1"""
"223084,""HCF CAT CAN SHREDDED TK&CHZ"",""4122088216"",,""0"",""3"",""(3)"",""N/A"",""$0"",""$1"""
"223073,""HCF CAT POUCH ROTISSERIE CHKN"",""4122088221"",,""0"",""12"",""(12)"",""N/A"",""$0"",""$4"""
"223070,""HCF CAT POUCH CRAB & TUNA"",""4122088222"",,""0"",""4"",""(4)"",""N/A"",""$0"",""$2"""
"223124,""HCF DOG POUCH GRILLED CHICKEN"",""4122088672"",,""0"",""5"",""(5)"",""N/A"",""$0"",""$3"""
"223119,""HCF DOG POUCH GRILLED BEEF"",""4122088673"",,""0"",""2"",""(2)"",""N/A"",""$0"",""$1"""
"223092,""HCF DOG CAN FILET MIGNON"",""4122088679"",,""12"",""4"",""8"",""33%"",""$12"",""$4"""
"223091,""HCF DOG CAN TURKEY, RICE & VEG"",""4122088680"",,""0"",""2"",""(2)"",""N/A"",""$0"",""$2"""
"11956,""HEB BARKIN STRIPS BACON/CHS 9P"",""4122093766"",,""8"",""4"",""4"",""50%"",""$16"",""$8"""
"158456,""HEB JERKY STIX LEAN"",""4122093767"",,""0"",""4"",""(4)"",""N/A"",""$0"",""$8"""
"844768,""HEB HR HEALTHY WEIGHT"",""4122095848"",,""12"",""0"",""12"",""0%"",""$12"",""$0"""
"787038,""HEB HR 95% CHICKEN"",""4122096313"",,""12"",""0"",""12"",""0%"",""$12"",""$0"""
"669144,""HEB HR 95% BEEF & CHICKEN"",""4122096903"",,""12"",""0"",""12"",""0%"",""$12"",""$0"""
"738614,""HEB HR PUPPY CHICKEN RICE"",""4122096936"",,""12"",""0"",""12"",""0%"",""$12"",""$0"""
"108983,""HCF BITE SIZE DRY DOG FOOD"",""4122097154"",,""1"",""2"",""(1)"",""200%"",""$8"",""$16"""
"114518,""HCF CHEWY CHUNKS & KIBBLE"",""4122097178"",,""1"",""1"",""0"",""100%"",""$8"",""$8"""
"50840,""HEB CHOICE CUBES DOG TREATS"",""4122098143"",,""10"",""7"",""3"",""70%"",""$20"",""$14"""
"921419,""HEB HR FISH & SWEET POTATO"",""4122099346"",,""12"",""0"",""12"",""0%"",""$12"",""$0"""
"846450,""JONNY CAT LINERS JUMBO BOX"",""4133400154"",,""6"",""2"",""4"",""33%"",""$16"",""$5"""
"63405,""JONNY CAT HVY DTY LINER JUMBO"",""4133400157"",,""6"",""4"",""2"",""67%"",""$23"",""$15"""
"627548,""CATS PRIDE BAKING SODA UNSC"",""4178801325"",,""4"",""1"",""3"",""25%"",""$31"",""$8"""
"180429,""CAT'S PRIDE KAT KIT"",""4178801605"",,""5"",""9"",""(4)"",""180%"",""$15"",""$27"""
"102539,""CATS PRIDE TTL ODR CNTRL SCNTD"",""4178847115"",,""0"",""2"",""(2)"",""N/A"",""$0"",""$14"""
"387852,""FRESH STEP CAT LITTER"",""4460002031"",,""1"",""1"",""0"",""100%"",""$8"",""$8"""
"152924,""FR STEP MULTI CAT SCNTD LITTER"",""4460002049"",,""6"",""8"",""(2)"",""133%"",""$57"",""$77"""
"23578,""FRESH STEP LITTER CRYSTALS"",""4460003022"",,""8"",""12"",""(4)"",""150%"",""$102"",""$153"""
"129577,""FRESH STEP SCOOP CAT LITTER"",""4460030466"",,""3"",""4"",""(1)"",""133%"",""$43"",""$58"""
"241279,""FR STEP MULTI CAT SCENTED LITR"",""4460030468"",,""2"",""4"",""(2)"",""200%"",""$29"",""$58"""
"226274,""FR STEP EXTREM ODOR CNTRL SCP"",""4460030623"",,""3"",""2"",""1"",""67%"",""$43"",""$29"""
"101851,""FR STEP LTWEIGHT XTRM SCNT LTR"",""4460031156"",,""1"",""1"",""0"",""100%"",""$12"",""$12"""
"356046,""FR STEP MULTI CAT SCNTD LITTER"",""4460031603"",,""1"",""1"",""0"",""100%"",""$16"",""$16"""
"356070,""FR STEP EXTREME ODOR CNTRL LIT"",""4460031604"",,""8"",""12"",""(4)"",""150%"",""$129"",""$194"""
"356073,""FRESH STEP EXTREME HAWAII LITR"",""4460031686"",,""0"",""3"",""(3)"",""N/A"",""$0"",""$27"""
"838017,""FR STEP CLN PAWS TRIPLE ACTION"",""4460031874"",,""2"",""1"",""1"",""50%"",""$26"",""$13"""
"953335,""FANCY FEAST PURELY SLMN CHKN"",""5000000042"",,""0"",""8"",""(8)"",""N/A"",""$0"",""$9"""
"184150,""FNCY FST FLAKED TUNA"",""5000000124"",,""0"",""9"",""(9)"",""N/A"",""$0"",""$6"""
"746166,""FANCY FEAST APTZR OCNFSH SHRMP"",""5000000128"",,""10"",""3"",""7"",""30%"",""$9"",""$3"""
"580007,""FANCY FEAST APPTZR SKPJCK TUNA"",""5000000129"",,""0"",""3"",""(3)"",""N/A"",""$0"",""$3"""
"616125,""FRISKIES LIL SOUPS SALMON"",""5000000133"",,""8"",""13"",""(5)"",""163%"",""$8"",""$12"""
"531174,""FRISKIES LIL SOUPS SHRIMP"",""5000000135"",,""0"",""11"",""(11)"",""N/A"",""$0"",""$10"""
"216589,""FF APPETIZ TENDER TONGOL TUNA"",""5000000452"",,""0"",""7"",""(7)"",""N/A"",""$0"",""$8"""
"216571,""FF APPETIZER WHITE MEAT CHKN"",""5000000459"",,""0"",""7"",""(7)"",""N/A"",""$0"",""$8"""
"353891,""PURINA BELLA MEAL CHICKN&BACON"",""5000000485"",,""0"",""6"",""(6)"",""N/A"",""$0"",""$4"""
"10575,""PURINA BELLA MEAL FILET MIGNON"",""5000000486"",,""0"",""1"",""(1)"",""N/A"",""$0"",""$1"""
"73876,""PURINA BELLA MEAL PRTHSE STEAK"",""5000000487"",,""0"",""1"",""(1)"",""N/A"",""$0"",""$1"""
"353886,""PURINA BELLA MEAL TURKEY"",""5000000491"",,""0"",""2"",""(2)"",""N/A"",""$0"",""$1"""
"356863,""FRISKIES INDOOR 4X6.3LB"",""5000001481"",,""0"",""3"",""(3)"",""N/A"",""$0"",""$22"""
"714693,""FRISKIES SEAFOOD SENSATIONS"",""5000001547"",,""4"",""6"",""(2)"",""150%"",""$16"",""$24"""
"356866,""FRISKIES SEAFOOD SENS 4X6.3"",""5000001874"",,""0"",""1"",""(1)"",""N/A"",""$0"",""$7"""
"22495,""FNCY FST GRILLED TURKEY"",""5000004060"",,""0"",""14"",""(14)"",""N/A"",""$0"",""$9"""
"22497,""FNCY FST GRILLED CHICKEN"",""5000004080"",,""24"",""25"",""(1)"",""104%"",""$15"",""$16"""
"457356,""FRISKIES GRLS BLND"",""5000008450"",,""4"",""5"",""(1)"",""125%"",""$16"",""$20"""
"113735,""FNCY FST GRILLED OCN FISH/TUNA"",""5000010084"",,""24"",""39"",""(15)"",""163%"",""$15"",""$25"""
"113741,""FNCY FST GRILLED LIVER&CHK"",""5000010086"",,""0"",""9"",""(9)"",""N/A"",""$0"",""$6"""
"142858,""FNCY FST GRILLED SALMON/SHRIMP"",""5000010206"",,""48"",""34"",""14"",""71%"",""$31"",""$22"""
"142859,""FNCY FST GRILLED CHICKEN/BEEF"",""5000010216"",,""24"",""34"",""(10)"",""142%"",""$15"",""$22"""
"74948,""FRISKIES SHREDS W/BEEF"",""5000010364"",,""24"",""10"",""14"",""42%"",""$13"",""$5"""
"142857,""FNCY FST GOURMET SALM/SHRIM"",""5000010386"",,""48"",""30"",""18"",""63%"",""$31"",""$19"""
"113709,""FRSKS PRIME FILET OCN FSH/TUNA"",""5000017016"",,""24"",""11"",""13"",""46%"",""$13"",""$6"""
"113707,""FRISKIES PRIME FILET CHK & GRY"",""5000017018"",,""0"",""10"",""(10)"",""N/A"",""$0"",""$5"""
"877665,""FANCY FEAST GRMT NTRL OCN FISH"",""5000017155"",,""4"",""3"",""1"",""75%"",""$33"",""$25"""
"490943,""FRISKIES PARTY MIX LOBSTER"",""5000017179"",,""10"",""9"",""1"",""90%"",""$15"",""$14"""
"701999,""FRISKIES PARTY MIX CHCKN WAFFL"",""5000017183"",,""0"",""3"",""(3)"",""N/A"",""$0"",""$5"""
"22829,""FRISKIES MEATY BITS MP"",""5000019811"",,""1"",""1"",""0"",""100%"",""$13"",""$13"""
"8885,""FNCY FST CLSC SEAFOOD MP"",""5000021562"",,""2"",""2"",""0"",""100%"",""$15"",""$15"""
"661900,""FRISKIES PRIME FILET TURKEY"",""5000022522"",,""0"",""11"",""(11)"",""N/A"",""$0"",""$6"""
"66823,""FRISKIES PARTY MIX MIXED GRILL"",""5000023795"",,""12"",""3"",""9"",""25%"",""$18"",""$5"""
"965894,""FANCY FEAST BROTHS CHKN VEG"",""5000029105"",,""16"",""2"",""14"",""13%"",""$17"",""$2"""
"338101,""FF BROTHS TUNA ANCHV WHTFISH"",""5000029109"",,""0"",""6"",""(6)"",""N/A"",""$0"",""$6"""
"355165,""FANCY FEAST GRVY L0VER PB VP"",""5000029211"",,""8"",""6"",""2"",""75%"",""$148"",""$111"""
"355163,""FANCY FEAST PLTRY BEEF PATE VP"",""5000029222"",,""8"",""3"",""5"",""38%"",""$148"",""$56"""
"277253,""FRISKIES PATE POULTRY FAV"",""5000029257"",,""2"",""1"",""1"",""50%"",""$33"",""$17"""
"338106,""FF BROTHS MACKEREL CRM VEG"",""5000029342"",,""0"",""7"",""(7)"",""N/A"",""$0"",""$7"""
"338098,""FF BROTHS SALMON VEGETABLE"",""5000029365"",,""16"",""9"",""7"",""56%"",""$17"",""$10"""
"815254,""PUR FF PARTY MIX NATURALS TUNA"",""5000029436"",,""10"",""11"",""(1)"",""110%"",""$15"",""$17"""
"749171,""FRISKIES TASTY TREASURES CANS"",""5000029451"",,""2"",""1"",""1"",""50%"",""$25"",""$13"""
"277254,""FRISKIES MEATY BITS VP"",""5000029507"",,""2"",""1"",""1"",""50%"",""$13"",""$6"""
"37794,""FNCY FST CHICKEN MP"",""5000037034"",,""1"",""1"",""0"",""100%"",""$15"",""$15"""
"394577,""FRISKIES LIVER & CHCKN DINNER"",""5000042044"",,""24"",""18"",""6"",""75%"",""$13"",""$10"""
"81372,""FRISKIES CAT FOOD MIXED GRILL"",""5000042154"",,""0"",""10"",""(10)"",""N/A"",""$0"",""$5"""
"81380,""FRISKIES CAT FOOD TURKY/GIBLET"",""5000042184"",,""0"",""6"",""(6)"",""N/A"",""$0"",""$3"""
"9538,""FRISKIES MEATY BITS W/BEEF"",""5000042314"",,""0"",""6"",""(6)"",""N/A"",""$0"",""$3"""
"625814,""FNCY FST CHUNKY CHICKEN"",""5000042694"",,""0"",""12"",""(12)"",""N/A"",""$0"",""$8"""
"22012,""FNCY FST FLAKED FISH & SHRMP"",""5000042874"",,""0"",""9"",""(9)"",""N/A"",""$0"",""$6"""
"81067,""FNCY FST CLSSC LIVER & CHICKEN"",""5000042904"",,""24"",""20"",""4"",""83%"",""$15"",""$13"""
"80994,""FNCY FST SEAFOOD CAT FOOD"",""5000042934"",,""24"",""32"",""(8)"",""133%"",""$15"",""$21"""
"81026,""FNCY FST CLSSC SALMON"",""5000042944"",,""24"",""51"",""(27)"",""213%"",""$15"",""$33"""
"662163,""FNCY FST CLSSC BEEF"",""5000042954"",,""48"",""49"",""(1)"",""102%"",""$31"",""$31"""
"80879,""FNCY FST CLSSC OCEAN FISH/TUNA"",""5000042964"",,""0"",""11"",""(11)"",""N/A"",""$0"",""$7"""
"377812,""FRISKIES SHREDS CHICKEN/SALMON"",""5000044569"",,""0"",""13"",""(13)"",""N/A"",""$0"",""$7"""
"158752,""FRISKIES CL PATE FSH MP"",""5000045435"",,""3"",""3"",""0"",""100%"",""$50"",""$50"""
"357056,""FANCY FEAST DRY CHCKN & TRKY"",""5000046300"",,""8"",""4"",""4"",""50%"",""$59"",""$30"""
"356854,""FRISKIES FLAKED TUNA & EGG"",""5000048024"",,""24"",""18"",""6"",""75%"",""$13"",""$10"""
"605458,""FANCY FEAST GRMT NATS 12CT"",""5000050032"",,""0"",""4"",""(4)"",""N/A"",""$0"",""$40"""
"846534,""FANCY FEAST GOURM NATS 12CT"",""5000050035"",,""0"",""3"",""(3)"",""N/A"",""$0"",""$30"""
"923492,""FRISKIES PARTY MIX ORIG 30OZ"",""5000050041"",,""0"",""1"",""(1)"",""N/A"",""$0"",""$12"""
"616770,""FRISKIES PARTY MIX CHICKN 30OZ"",""5000050045"",,""0"",""2"",""(2)"",""N/A"",""$0"",""$23"""
"34914,""FNCY FST GRILLED SALMON"",""5000050389"",,""0"",""20"",""(20)"",""N/A"",""$0"",""$13"""
"419597,""FANCY FEAST SEAFOOD VP 36CT"",""5000051420"",,""2"",""1"",""1"",""50%"",""$44"",""$22"""
"154257,""FF ELG MDLY SALMON FLORENTINE"",""5000057049"",,""24"",""30"",""(6)"",""125%"",""$20"",""$25"""
"158742,""FRISKIES SHREDS W/CHICKEN"",""5000057198"",,""24"",""35"",""(11)"",""146%"",""$13"",""$19"""
"158743,""FRISKIES SHREDS W/SALMON"",""5000057201"",,""24"",""15"",""9"",""63%"",""$13"",""$8"""
"158729,""FNCY FST GRILLED BEEF & LIVER"",""5000057225"",,""0"",""13"",""(13)"",""N/A"",""$0"",""$8"""
"139519,""FF ELG MDLY FLRNTNE VP"",""5000057281"",,""8"",""1"",""7"",""13%"",""$80"",""$10"""
"357066,""FF GOURMET GOLD FILET MIGNON"",""5000057283"",,""8"",""8"",""0"",""100%"",""$59"",""$59"""
"179731,""FRISKIES PARTY MIX BEACHSIDE"",""5000057443"",,""22"",""6"",""16"",""27%"",""$33"",""$9"""
"19007,""FF ELG MDLY CHICKEN PRIMAVERA"",""5000057458"",,""48"",""70"",""(22)"",""146%"",""$40"",""$59"""
"79562,""FF ELG MDLY SALMON PRIMAVERA"",""5000057490"",,""48"",""54"",""(6)"",""113%"",""$40"",""$45"""
"261656,""FRISKIES TASTY TREAS CHKN TUNA"",""5000057795"",,""0"",""22"",""(22)"",""N/A"",""$0"",""$12"""
"208182,""FRISKIES TREASURE CHKN GRVY LV"",""5000057796"",,""0"",""12"",""(12)"",""N/A"",""$0"",""$6"""
"261655,""FRISKIES TASTY TREAS OCEANFISH"",""5000057797"",,""48"",""19"",""29"",""40%"",""$26"",""$10"""
"208183,""FRISKIES TREASURES TURK & CHSE"",""5000057798"",,""0"",""2"",""(2)"",""N/A"",""$0"",""$1"""
"277257,""FRISKIES PRIME FILETS MF"",""5000057800"",,""2"",""1"",""1"",""50%"",""$25"",""$13"""
"203243,""FANCY FEAST GRAVY OCEAN WHTFSH"",""5000057843"",,""24"",""27"",""(3)"",""113%"",""$15"",""$17"""
"203246,""FANCY FEAST GRAVY LOVERS CHKN"",""5000057845"",,""48"",""67"",""(19)"",""140%"",""$31"",""$43"""
"261658,""FANCY FEAST GRAVY LOVERS BEEF"",""5000057847"",,""24"",""8"",""16"",""33%"",""$15"",""$5"""
"208181,""FRISKIES SAVORY SHREDS"",""5000057919"",,""2"",""2"",""0"",""100%"",""$25"",""$26"""
"208180,""FANCY FEAST CHEDDAR LOVERS TNA"",""5000057928"",,""72"",""12"",""60"",""17%"",""$46"",""$8"""
"208179,""FANCY FEAST CHEDDAR CHKN"",""5000057931"",,""72"",""15"",""57"",""21%"",""$46"",""$10"""
"208178,""FANCY FEAST CHEDDAR LOVE TURK"",""5000057933"",,""48"",""8"",""40"",""17%"",""$31"",""$5"""
"126129,""FRISKIES TASTY TREASURES"",""5000057963"",,""4"",""2"",""2"",""50%"",""$26"",""$13"""
"3948,""FRISKIES SAVSHRD WTFSH SRN"",""5000057990"",,""24"",""56"",""(32)"",""233%"",""$13"",""$30"""
"3128,""FANCY FEAST GRAVYLOVERS TURKEY"",""5000058004"",,""0"",""28"",""(28)"",""N/A"",""$0"",""$18"""
"165502,""ALPO COME N GET IT"",""5000058090"",,""4"",""4"",""0"",""100%"",""$30"",""$30"""
"355173,""FANCY FEAST PTRY BF GRLL VP"",""5000058566"",,""4"",""0"",""4"",""0%"",""$74"",""$0"""
"277261,""FANCY FEAST SEAFOOD CLS VP"",""5000058568"",,""0"",""3"",""(3)"",""N/A"",""$0"",""$55"""
"163684,""FRISKIES PARTY MIX MEOW LUAU"",""5000058598"",,""10"",""4"",""6"",""40%"",""$15"",""$6"""
"355172,""FANCY FST SEAFD GRILLD VP"",""5000058664"",,""2"",""2"",""0"",""100%"",""$37"",""$37"""
"34915,""FNCY FST GRILLED TUNA"",""5000083612"",,""24"",""38"",""(14)"",""158%"",""$15"",""$24"""
"28838,""FRISKIES TREASURES TRK BACON"",""5000096006"",,""0"",""11"",""(11)"",""N/A"",""$0"",""$6"""
"30610,""FRISKIES TREASURES CHK BACON"",""5000096016"",,""0"",""11"",""(11)"",""N/A"",""$0"",""$6"""
"45353,""FANCY FEAST BROTH CLASSIC COLL"",""5000096042"",,""0"",""1"",""(1)"",""N/A"",""$0"",""$12"""
"45520,""FANCY FEAST BROTHS CREAMY COLL"",""5000096049"",,""0"",""1"",""(1)"",""N/A"",""$0"",""$12"""
"314037,""FRISKIES PRTY MIX CR KAHUNA"",""5000096304"",,""3"",""3"",""0"",""100%"",""$24"",""$24"""
"314034,""FRISKIES PRTY MIX TR ISL 20 OZ"",""5000096306"",,""0"",""2"",""(2)"",""N/A"",""$0"",""$16"""
"314028,""FRISKIES PARTY MIX CR ORIGINAL"",""5000096308"",,""0"",""3"",""(3)"",""N/A"",""$0"",""$24"""
"314032,""FRISKIES PARTY MIX CR BEACHSID"",""5000096310"",,""0"",""2"",""(2)"",""N/A"",""$0"",""$16"""
"312807,""PEDIGREE DENTASTIX ORIG LARGE"",""5849604347"",,""4"",""6"",""(2)"",""150%"",""$42"",""$63"""
"129565,""TEMPTATIONS SEAFOOD MEDLEY FLV"",""5849628128"",,""10"",""11"",""(1)"",""110%"",""$31"",""$35"""
"102381,""TEMPTATIONS TANTALIZING TURKEY"",""5849670123"",,""0"",""1"",""(1)"",""N/A"",""$0"",""$2"""
"88438,""TEMPTATIONS TASTY CHICKEN FLAV"",""5849672300"",,""10"",""11"",""(1)"",""110%"",""$31"",""$35"""
"88649,""TEMPTATIONS SAVORY SALMON FLAV"",""5849672301"",,""0"",""2"",""(2)"",""N/A"",""$0"",""$6"""
"22482,""TEMPTATIONS HEARTY BEEF FLAVOR"",""5849672302"",,""0"",""1"",""(1)"",""N/A"",""$0"",""$2"""
"102841,""TEMPTATIONS CREAMY DAIRY FLAV"",""5849672303"",,""12"",""4"",""8"",""33%"",""$18"",""$6"""
"22483,""TEMPTATIONS SAVORY SALMON FLAV"",""5849672304"",,""12"",""5"",""7"",""42%"",""$18"",""$8"""
"298906,""PL BACON & CHEESE STRIPS"",""7015516619"",,""6"",""1"",""5"",""17%"",""$19"",""$3"""
"299907,""PL GOURMET CUTS BEEF & RICE"",""7015516621"",,""6"",""4"",""2"",""67%"",""$30"",""$20"""
"299908,""PL GOURMET CUTS BEEF & CHS"",""7015516622"",,""12"",""4"",""8"",""33%"",""$60"",""$20"""
"299909,""PL CHEESE FLAVOR WRAPS"",""7015516623"",,""0"",""1"",""(1)"",""N/A"",""$0"",""$5"""
"333094,""TIDY CATS 24/7 PERFORMNCE 35LB"",""7023001669"",,""1"",""2"",""(1)"",""200%"",""$15"",""$29"""
"549968,""PURINA TIDY CATS 24/7 PERF"",""7023010734"",,""9"",""11"",""(2)"",""122%"",""$58"",""$71"""
"949248,""TIDY CATS CONVENT IOC"",""7023010760"",,""8"",""7"",""1"",""88%"",""$24"",""$21"""
"716688,""TIDY CATS SCOOP IMMEDIATE ODOR"",""7023010785"",,""3"",""3"",""0"",""100%"",""$44"",""$44"""
"608810,""TIDY CATS SCOOP CONTINUOUS ODO"",""7023011614"",,""3"",""1"",""2"",""33%"",""$24"",""$8"""
"170394,""TIDY CATS 24/7 JUG LITTER PRFM"",""7023011620"",,""36"",""24"",""12"",""67%"",""$316"",""$211"""
"843748,""TIDY CATS SCOOP IMMEDIATE ODOR"",""7023011716"",,""3"",""5"",""(2)"",""167%"",""$24"",""$40"""
"502765,""TIDY CATS SCOOP PERF SCOOPING"",""7023011720"",,""38"",""22"",""16"",""58%"",""$334"",""$195"""
"182048,""TIDY CATS GLADE"",""7023015345"",,""14"",""14"",""0"",""100%"",""$123"",""$123"""
"683837,""TIDY CATS LITTER W/ GLADE 35LB"",""7023015348"",,""2"",""1"",""1"",""50%"",""$29"",""$15"""
"266762,""TIDYCAT LIGHTWEIGHT LITTER"",""7023015366"",,""6"",""4"",""2"",""67%"",""$75"",""$50"""
"16664,""TIDY CATS LIGHTWEIGHT LITTER"",""7023015367"",,""1"",""1"",""0"",""100%"",""$21"",""$21"""
"73211,""TIDY CATS CONVENT WITH GLADE"",""7023016516"",,""2"",""1"",""1"",""50%"",""$10"",""$5"""
"333332,""TIDY CATS LT WGHT GLADE LITTER"",""7023016761"",,""14"",""11"",""3"",""79%"",""$175"",""$137"""
"333350,""TIDY CATS 4-IN-1 STRNGTH 20 LB"",""7023016766"",,""8"",""14"",""(6)"",""175%"",""$70"",""$123"""
"704969,""TIDY CATS FREE & CLN 20LB"",""7023016853"",,""6"",""7"",""(1)"",""117%"",""$53"",""$61"""
"359235,""RRN INDOOR COMPLETE DRY CAT FD"",""7119000360"",,""4"",""2"",""2"",""50%"",""$26"",""$13"""
"768835,""RRN INDOOR COMPLETE CAT FOOD"",""7119000361"",,""0"",""2"",""(2)"",""N/A"",""$0"",""$23"""
"92046,""RR NUTRISH - CHICKEN"",""7119000600"",,""7"",""7"",""0"",""100%"",""$117"",""$117"""
"835121,""RRN CHKN & VEG DOG FD"",""7119000601"",,""9"",""10"",""(1)"",""111%"",""$72"",""$80"""
"110275,""RR NUTRISH - BEEF"",""7119000602"",,""5"",""4"",""1"",""80%"",""$84"",""$67"""
"448669,""RRN BEEF & BRWN RICE DOG FD"",""7119000603"",,""6"",""6"",""0"",""100%"",""$48"",""$48"""
"272380,""RACHAEL RAY NUTRISH BEEF"",""7119000633"",,""4"",""3"",""1"",""75%"",""$126"",""$94"""
"183027,""RR SOUP BONES - BEEF"",""7119000668"",,""0"",""6"",""(6)"",""N/A"",""$0"",""$18"""
"184210,""RR SOUP BONES - CHICKEN"",""7119000670"",,""16"",""10"",""6"",""63%"",""$47"",""$29"""
"175106,""RR DELISH - SAVORY LAMB STEW"",""7119000671"",,""0"",""3"",""(3)"",""N/A"",""$0"",""$6"""
"175416,""RR DELISH - HEARTY BEEF 8OZ"",""7119000672"",,""0"",""1"",""(1)"",""N/A"",""$0"",""$2"""
"176006,""RR DELISH - CHICKEN MUTTBALLS"",""7119000673"",,""0"",""2"",""(2)"",""N/A"",""$0"",""$4"""
"659478,""RRN ZERO GRAIN TURKEY & POTATO"",""7119000684"",,""6"",""3"",""3"",""50%"",""$63"",""$32"""
"26925,""RR NUTRISH WET CAT CHICKEN"",""7119000702"",,""0"",""3"",""(3)"",""N/A"",""$0"",""$3"""
"270862,""RR ZEROGRAIN DOG SALMON SWTPOT"",""7119000714"",,""5"",""1"",""4"",""20%"",""$53"",""$11"""
"24842,""RR NUTRISH DOG VARIETY PACK"",""7119000786"",,""2"",""2"",""0"",""100%"",""$22"",""$22"""
"392380,""RRN ZG CHKN & SWT POT DOG FD"",""7119000832"",,""1"",""0"",""1"",""0%"",""$23"",""$0"""
"330873,""EVOLVE DBN SALMON RICE SWT POT"",""7365700864"",,""0"",""1"",""(1)"",""N/A"",""$0"",""$5"""
"107694,""EVOLVE DBN SALMON RICE SWT POT"",""7365700865"",,""0"",""2"",""(2)"",""N/A"",""$0"",""$43"""
"122151,""EVOLVE ADLT CHKN MAIN DOG FOOD"",""7365738032"",,""1"",""1"",""0"",""100%"",""$17"",""$17"""
"344081,""EVOLVE GRN FREE CHKN PEA VEG"",""7365739044"",,""0"",""1"",""(1)"",""N/A"",""$0"",""$7"""
"299478,""ADVANCE 14CT TRAINING PADS"",""7648418814"",,""0"",""5"",""(5)"",""N/A"",""$0"",""$25"""
"758631,""9LIVES MEATY PATE SUPER SUPPER"",""7910000286"",,""0"",""3"",""(3)"",""N/A"",""$0"",""$4"""
"261972,""9LIVES HEARTY CUTS W/ REAL CHI"",""7910000300"",,""0"",""4"",""(4)"",""N/A"",""$0"",""$6"""
"887008,""9LVS MTY PTE SINGLES CHKN TUNA"",""7910000324"",,""0"",""14"",""(14)"",""N/A"",""$0"",""$6"""
"759019,""9LIVES HEARTY CUTS W/ CHICKEN"",""7910000356"",,""0"",""1"",""(1)"",""N/A"",""$0"",""$1"""
"758953,""9LIVES MEATY PATE W/ CHICKEN &"",""7910000366"",,""6"",""3"",""3"",""50%"",""$9"",""$4"""
"735665,""9LVS MTYPTE SINGLES SEAFD PLTR"",""7910000402"",,""0"",""2"",""(2)"",""N/A"",""$0"",""$1"""
"220849,""9 LIVES MEATY FAVORITES 36/5.5"",""7910012283"",,""1"",""1"",""0"",""100%"",""$12"",""$12"""
"27026,""PUP-PERONI LEAN BEEF"",""7910044895"",,""0"",""3"",""(3)"",""N/A"",""$0"",""$27"""
"125712,""CCO BEEF FLAVOR"",""7910050154"",,""0"",""4"",""(4)"",""N/A"",""$0"",""$15"""
"125696,""CCO BACON FLAVOR"",""7910050155"",,""6"",""4"",""2"",""67%"",""$22"",""$15"""
"479500,""MILK BONE MINI FLAV SNKS"",""7910050856"",,""18"",""14"",""4"",""78%"",""$53"",""$41"""
"214573,""PUPPERONI BEEF DOG SNKS 5.6OZ"",""7910051021"",,""8"",""10"",""(2)"",""125%"",""$21"",""$26"""
"125727,""CCO CHICKEN FLVR"",""7910051147"",,""0"",""6"",""(6)"",""N/A"",""$0"",""$6"""
"221967,""9 LIVES HEARTY CUTS POULTRY &"",""7910051152"",,""1"",""1"",""0"",""100%"",""$8"",""$8"""
"263906,""CANINE CARRY OUTS BEEF FLAVOR"",""7910051254"",,""24"",""24"",""0"",""100%"",""$23"",""$23"""
"729888,""MILK BONE MED BISCUITS"",""7910051352"",,""18"",""17"",""1"",""94%"",""$45"",""$42"""
"250873,""CANINE CARRY OUTS BACON SNACKS"",""7910051786"",,""10"",""11"",""(1)"",""110%"",""$10"",""$11"""
"178896,""KIBBLES N BITS ORIGINAL FLAVOR"",""7910051849"",,""4"",""0"",""4"",""0%"",""$20"",""$0"""
"178802,""KIBBLES N BITS SMALL BREED"",""7910051852"",,""4"",""0"",""4"",""0%"",""$21"",""$0"""
"136965,""PUPPERONI TRAINING TREATS"",""7910052089"",,""0"",""1"",""(1)"",""N/A"",""$0"",""$3"""
"130790,""PUPPERONI STEAK GRILL PR FLVR"",""7910052837"",,""4"",""3"",""1"",""75%"",""$36"",""$27"""
"45209,""CCO CHEW BONES BEEF SMALL"",""7910052870"",,""12"",""10"",""2"",""83%"",""$11"",""$9"""
"321522,""PUPPERONI FILET & BACON"",""7910053301"",,""0"",""2"",""(2)"",""N/A"",""$0"",""$5"""
"340834,""9LIVES SEAFOOD PLTRY VRTY"",""7910053377"",,""1"",""2"",""(1)"",""200%"",""$8"",""$17"""
"148580,""PUP-PERONI BEEF"",""7910058371"",,""4"",""4"",""0"",""100%"",""$36"",""$36"""
"623557,""MKB BRSH CHEWS MINI BONES"",""7910078555"",,""5"",""4"",""1"",""80%"",""$17"",""$14"""
"357267,""9LIVES GRAVY LOVERS VPK"",""7910083050"",,""2"",""1"",""1"",""50%"",""$8"",""$4"""
"981796,""PP ORIGINAL BEEF FLAVOR"",""7910083052"",,""0"",""1"",""(1)"",""N/A"",""$0"",""$15"""
"627140,""KNB BCN STK DRY DOG 16LB"",""7910085174"",,""2"",""0"",""2"",""0%"",""$21"",""$0"""
"433043,""MKB BC FRESH LARGE DOGS"",""7910088252"",,""0"",""4"",""(4)"",""N/A"",""$0"",""$36"""
"437597,""MILKBONE SMALLL BISCUIT"",""7910090202"",,""12"",""15"",""(3)"",""125%"",""$36"",""$44"""
"357292,""MLKBN LARGE BISCUIT"",""7910090244"",,""6"",""8"",""(2)"",""133%"",""$42"",""$56"""
"880699,""PUPPERONI MINIS BEEF 5.6OZ"",""7910099376"",,""8"",""3"",""5"",""38%"",""$21"",""$8"""
"884041,""NUTRO CRUNCHY TREATS BERRY"",""7910511085"",,""0"",""1"",""(1)"",""N/A"",""$0"",""$4"""
"621936,""NUTRO CRUNCHY TREATS CHCKN CRT"",""7910511087"",,""12"",""4"",""8"",""33%"",""$50"",""$17"""
"937489,""NUTRO CRUNCHY TREATS PEANT BTR"",""7910511088"",,""0"",""6"",""(6)"",""N/A"",""$0"",""$25"""
"421985,""NUTRO SMALL BITES LAMB"",""7910511623"",,""2"",""2"",""0"",""100%"",""$58"",""$58"""
"525455,""NUTRO WE SML BT ADLT LM AND RC"",""7910511624"",,""0"",""1"",""(1)"",""N/A"",""$0"",""$11"""
"782063,""NUTRO ADULT LAMB AND RICE"",""7910511631"",,""2"",""2"",""0"",""100%"",""$58"",""$58"""
"456737,""NUTRO WE ADLT LB AND RC"",""7910511632"",,""0"",""1"",""(1)"",""N/A"",""$0"",""$15"""
"412581,""NUTRO LARGE BRD LAMB AND RICE"",""7910511637"",,""2"",""1"",""1"",""50%"",""$98"",""$49"""
"745999,""NUTRO ADULT CHICKEN"",""7910511646"",,""6"",""7"",""(1)"",""117%"",""$90"",""$105"""
"938550,""NUTRO ADULT CHICKEN"",""7910511647"",,""5"",""5"",""0"",""100%"",""$144"",""$144"""
"717671,""NUTRO PUPPY CHICKEN"",""7910511648"",,""1"",""2"",""(1)"",""200%"",""$29"",""$58"""
"869559,""NUTRO ADULT CHICKEN"",""7910511662"",,""3"",""3"",""0"",""100%"",""$147"",""$147"""
"993553,""NUTRO SENIOR CHICKEN"",""7910511663"",,""0"",""1"",""(1)"",""N/A"",""$0"",""$29"""
"744705,""NUTRO SMALL BREED ADULT CHCKN"",""7910511667"",,""6"",""4"",""2"",""67%"",""$173"",""$115"""
"648271,""NUTRO ADULT SALMON"",""7910511744"",,""0"",""2"",""(2)"",""N/A"",""$0"",""$21"""
"685415,""NUTRO INDOOR SENIOR CHICKEN"",""7910511747"",,""4"",""2"",""2"",""50%"",""$41"",""$21"""
"788341,""NUTRO PETITE TURKEY AND VEGE"",""7910511778"",,""0"",""1"",""(1)"",""N/A"",""$0"",""$1"""
"970648,""NUTRO PETITE LAMB AND GARDEN"",""7910511780"",,""0"",""2"",""(2)"",""N/A"",""$0"",""$3"""
"523420,""NUTRO PETITE CHICKEN"",""7910511781"",,""0"",""1"",""(1)"",""N/A"",""$0"",""$1"""
"941174,""NUTRO PETITE BEEF AND POTATO"",""7910511783"",,""0"",""2"",""(2)"",""N/A"",""$0"",""$3"""
"673083,""NUTRO SMALL BREED CHICKEN"",""7910512217"",,""6"",""5"",""1"",""83%"",""$90"",""$75"""
"556112,""NUTRO PETITE CHCKN TURKEY 12PK"",""7910512536"",,""2"",""3"",""(1)"",""150%"",""$30"",""$45"""
"909191,""NUTRO PETITE BEEF LAMB 12PK"",""7910512537"",,""2"",""3"",""(1)"",""150%"",""$30"",""$45"""
"924263,""NUTRO PETITE 4 FLAVOR 24PK"",""7910512538"",,""2"",""2"",""0"",""100%"",""$62"",""$62"""
"435091,""NUTRO DRY CAT HRBL ADLT CHK RC"",""7910512877"",,""3"",""2"",""1"",""67%"",""$39"",""$26"""
"333037,""SCOOP AWAY MULTI CAT SCNTD LIT"",""9668902014"",,""1"",""0"",""1"",""0%"",""$11"",""$0"""
"356050,""SC AWAY EX STRN SCNT CLUMP LIT"",""9668902063"",,""2"",""1"",""1"",""50%"",""$26"",""$13"""
"241671,""SC AWAY MULTI CAT SCNTD LITTER"",""9668920016"",,""3"",""4"",""(1)"",""133%"",""$22"",""$29"""
"126474,""WORLDS BEST - CLUMPING"",""32259100090"",,""3"",""2"",""1"",""67%"",""$24"",""$16"""
"127949,""WORLDS BEST - MULTI CAT"",""32259100625"",,""6"",""4"",""2"",""67%"",""$51"",""$34"""
"723522,""GREENIES DOG DNTL CHW LGE"",""64286304110"",,""0"",""3"",""(3)"",""N/A"",""$0"",""$30"""
"720449,""GREENIES DOG DNTL CHW PTE"",""64286304124"",,""6"",""5"",""1"",""83%"",""$90"",""$75"""
"404075,""GREENIES DOG DNTL CHW PTE 6OZ"",""64286310292"",,""6"",""5"",""1"",""83%"",""$51"",""$42"""
"436866,""GREENIES DOG DNTL CHW REG 6OZ"",""64286310293"",,""0"",""3"",""(3)"",""N/A"",""$0"",""$26"""
"900701,""GREENIES DOG DNTL CHW PTE"",""64286310700"",,""0"",""2"",""(2)"",""N/A"",""$0"",""$10"""
"19606,""BDB NAT LOW FAT PB & MOLASSES"",""65922324060"",,""0"",""4"",""(4)"",""N/A"",""$0"",""$14"""
"167216,""BDB MORE FLAVORS DOG TREATS"",""65922324064"",,""6"",""6"",""0"",""100%"",""$21"",""$21"""
"38383,""NR 13.2OZ STEW CHKN RICE"",""73052150761"",,""0"",""1"",""(1)"",""N/A"",""$0"",""$1"""
"46517,""NR 4LB GF SMALL BRD CHKN"",""73052151390"",,""0"",""2"",""(2)"",""N/A"",""$0"",""$18"""
"37893,""NR 2.75OZ CHKN SLMN RCPE"",""73052151753"",,""0"",""3"",""(3)"",""N/A"",""$0"",""$3"""
"38624,""NR 12LB GF CHICKEN RECIPE"",""73052152101"",,""3"",""1"",""2"",""33%"",""$74"",""$25"""
"38590,""NR 12LB GF SALMON RECIPE"",""73052152103"",,""2"",""3"",""(1)"",""150%"",""$49"",""$74"""
"816131,""NR GF CHICKEN RECIPE"",""73052152206"",,""0"",""4"",""(4)"",""N/A"",""$0"",""$4"""
"84014,""FM GF JERKY BBQ BEEF W TOMATO"",""81033902054"",,""6"",""5"",""1"",""83%"",""$24"",""$20"""
"84030,""FM GF JERKY TENDER LMB W RSMRY"",""81033902055"",,""0"",""3"",""(3)"",""N/A"",""$0"",""$12"""
"84223,""FM GF JERKY WILD GAME W APPLE"",""81033902056"",,""0"",""2"",""(2)"",""N/A"",""$0"",""$8"""
"84061,""FM GF JERKY CHKN W ROSEMARY"",""81033902057"",,""0"",""4"",""(4)"",""N/A"",""$0"",""$16"""
"86832,""FM CHKN TUNA LGHT IN CHKN BRTH"",""81033902074"",,""0"",""1"",""(1)"",""N/A"",""$0"",""$1"""
"351125,""FM CHKN TRKY CRNBRY"",""81033902082"",,""0"",""1"",""(1)"",""N/A"",""$0"",""$16"""
"0,""VETIQ MINTIES DENTAL BONES SML"",""81814501570"",,""1"",""1"",""0"",""100%"",""$8"",""$8"""
"0,""VETIQ MINTIES DENTL BONES M/LG"",""81814501571"",,""3"",""2"",""1"",""67%"",""$25"",""$17"""
"334636,""MM TNDR FAVORITES SLMN & CRAB"",""82927400616"",,""12"",""7"",""5"",""58%"",""$6"",""$3"""
"334638,""MM TNDR FAVORITES CHKN & BEEF"",""82927400617"",,""0"",""3"",""(3)"",""N/A"",""$0"",""$1"""
"48625,""MM POULTRY & BEEF"",""82927400622"",,""4"",""4"",""0"",""100%"",""$23"",""$23"""
"220871,""MM POULTRY & SEAFOOD"",""82927400623"",,""4"",""1"",""3"",""25%"",""$23"",""$6"""
"390049,""MM SMPLE SRVNG TUNA SALMON"",""82927414802"",,""12"",""3"",""9"",""25%"",""$9"",""$2"""
"390067,""MM SMPLE SRVNG 12CT SF VP"",""82927414837"",,""4"",""1"",""3"",""25%"",""$18"",""$5"""
"390074,""MM SMPLE SRVNG 24CT SF VP"",""82927414851"",,""4"",""1"",""3"",""25%"",""$36"",""$9"""
"390045,""MM SMPLE SRVNG TUNA WHTFSH"",""82927414961"",,""0"",""4"",""(4)"",""N/A"",""$0"",""$3"""
"420973,""MM BASTED BITES CKN TUNA"",""82927421880"",,""4"",""4"",""0"",""100%"",""$16"",""$16"""
"181921,""MEOW MIX ORIGINAL"",""82927450225"",,""1"",""2"",""(1)"",""200%"",""$12"",""$24"""
"263014,""MMIX TENDER FAV POULTRY/BEEF"",""82927450236"",,""4"",""4"",""0"",""100%"",""$42"",""$42"""
"237486,""MMIX PATE TPRS VPK SEAFD&CHKN"",""82927451229"",,""0"",""1"",""(1)"",""N/A"",""$0"",""$6"""
"172073,""MEOW MIX TENDERCENTRS SLMN-CKN"",""82927451250"",,""2"",""3"",""(1)"",""150%"",""$24"",""$36"""
"463876,""MMIX TNDR CNTR SLM CHKN 3LB"",""82927451252"",,""0"",""1"",""(1)"",""N/A"",""$0"",""$4"""
"860307,""MMIX ORIGINAL DRY CAT 3.15LB"",""82927451375"",,""0"",""4"",""(4)"",""N/A"",""$0"",""$16"""
"615543,""MMIX ORIGINAL CAT FOOD 6.3LB"",""82927451376"",,""4"",""4"",""0"",""100%"",""$31"",""$31"""
"472705,""MEOW MIX IRR SOFT SALMON"",""82927452716"",,""0"",""3"",""(3)"",""N/A"",""$0"",""$4"""
"818618,""MM IRR CHKN TKY 2.5OZ"",""82927452719"",,""0"",""1"",""(1)"",""N/A"",""$0"",""$1"""
"556220,""BB HOMESTYLE CHIKN ADULT DOG"",""84024310017"",,""12"",""14"",""(2)"",""117%"",""$26"",""$30"""
"635591,""BB WILD PUP TRKY & CHKN 12.5OZ"",""84024310123"",,""0"",""2"",""(2)"",""N/A"",""$0"",""$5"""
"533384,""BB WILD SR DOG TRKY & CHK 12.5"",""84024310124"",,""12"",""2"",""10"",""17%"",""$30"",""$5"""
"559081,""BB DOG WOLF CRK STW BEEF 12.5"",""84024310128"",,""12"",""6"",""6"",""50%"",""$30"",""$15"""
"955642,""BB WILD BITS TRAIL TRTS SALMON"",""84024310132"",,""8"",""3"",""5"",""38%"",""$40"",""$15"""
"804038,""BB PATE KITTEN CHICKEN ENTREE"",""84024310212"",,""0"",""2"",""(2)"",""N/A"",""$0"",""$2"""
"642092,""BB FLAKED FISH & SHRIMP"",""84024310220"",,""0"",""3"",""(3)"",""N/A"",""$0"",""$3"""
"800190,""BB FLAKED CHICKEN CAT"",""84024310221"",,""0"",""3"",""(3)"",""N/A"",""$0"",""$3"""
"421725,""BB BLUE PATE ADULT CHICK 5.5OZ"",""84024310230"",,""0"",""3"",""(3)"",""N/A"",""$0"",""$4"""
"581509,""BB CHIKN RICE ADULT DOG SMALL"",""84024310487"",,""0"",""4"",""(4)"",""N/A"",""$0"",""$65"""
"734548,""BB HOMESTYLE CHKN DOG FOOD"",""84024310493"",,""12"",""14"",""(2)"",""117%"",""$26"",""$30"""
"823362,""BB HOMESTYLE REC LAMB 12.5OZDG"",""84024310494"",,""0"",""7"",""(7)"",""N/A"",""$0"",""$15"""
"957650,""BB HOMESTYLE BEEF DOG FOOD"",""84024310495"",,""12"",""12"",""0"",""100%"",""$26"",""$26"""
"721089,""BB HOMESTYLE TURKEY DOG FOOD"",""84024310496"",,""12"",""16"",""(4)"",""133%"",""$26"",""$35"""
"668362,""BB CHIKN STEW DOG FOOD"",""84024310519"",,""12"",""7"",""5"",""58%"",""$30"",""$17"""
"515290,""BB BEEF STEW DOG FOOD"",""84024310521"",,""0"",""5"",""(5)"",""N/A"",""$0"",""$12"""
"674910,""BB WILD ADLT DOG CHKN"",""84024310532"",,""0"",""1"",""(1)"",""N/A"",""$0"",""$19"""
"826017,""BB WILD ADLT DOG CHICKEN"",""84024310533"",,""2"",""1"",""1"",""50%"",""$60"",""$30"""
"866159,""BB WILDRNSS ADLT DOG SALMN"",""84024310535"",,""0"",""2"",""(2)"",""N/A"",""$0"",""$38"""
"895444,""BB HOMESTYLE CHIKN DINR SMALL"",""84024310550"",,""24"",""6"",""18"",""25%"",""$40"",""$10"""
"642941,""BB FAM FAV BBQ DOG FOOD"",""84024310554"",,""0"",""6"",""(6)"",""N/A"",""$0"",""$15"""
"715377,""BB FAM FAV TURKEY DOG FOOD"",""84024310557"",,""12"",""5"",""7"",""42%"",""$30"",""$12"""
"824074,""BB HBR APPL & YOG 16OZ DOG"",""84024310561"",,""8"",""6"",""2"",""75%"",""$36"",""$27"""
"463600,""BB HOMESTYLE CHIKN PUPPY FOOD"",""84024310573"",,""12"",""9"",""3"",""75%"",""$26"",""$19"""
"523432,""BB HBR BAC EGG & CH 16OZ DOG"",""84024310633"",,""4"",""6"",""(2)"",""150%"",""$18"",""$27"""
"517978,""BB WILD DOG SALMN & CHK 12.5OZ"",""84024311292"",,""12"",""7"",""5"",""58%"",""$30"",""$17"""
"413311,""BB CHICKEN BITS VALUE SIZE DOG"",""84024311665"",,""6"",""3"",""3"",""50%"",""$48"",""$24"""
"458441,""BB KITTY CRAVINGS CHICKEN"",""84024312021"",,""0"",""1"",""(1)"",""N/A"",""$0"",""$2"""
"918762,""BB HLTHY ADULT VARIETY FLAKED"",""84024312122"",,""4"",""3"",""1"",""75%"",""$44"",""$33"""
"973259,""BB ADULT CAT INDOOR FORMULA"",""84024312244"",,""0"",""1"",""(1)"",""N/A"",""$0"",""$9"""
"729627,""BB ADULT CAT INDOOR"",""84024312245"",,""0"",""5"",""(5)"",""N/A"",""$0"",""$80"""
"547500,""BB ADULT CAT INDOOR SALMON"",""84024312247"",,""0"",""2"",""(2)"",""N/A"",""$0"",""$32"""
"713112,""BB ADULT CAT SS CHKN"",""84024312249"",,""0"",""2"",""(2)"",""N/A"",""$0"",""$18"""
"427331,""BB ADULT CAT SS CKN"",""84024312250"",,""0"",""2"",""(2)"",""N/A"",""$0"",""$32"""
"618700,""BB ADULT CAT WEIGHT CONTROL"",""84024312251"",,""0"",""3"",""(3)"",""N/A"",""$0"",""$27"""
"637162,""BB KITTEN FORMULA"",""84024312253"",,""0"",""1"",""(1)"",""N/A"",""$0"",""$9"""
"831218,""BB LPF CHIKN ADULT DOG FOOD"",""84024312258"",,""4"",""4"",""0"",""100%"",""$160"",""$160"""
"973634,""BB LPF CHIKN LRG ADUL DOG FOOD"",""84024312260"",,""3"",""2"",""1"",""67%"",""$120"",""$80"""
"470464,""BB ADULT DOG CKN SM BREED"",""84024312261"",,""5"",""4"",""1"",""80%"",""$50"",""$40"""
"471395,""BB PUPPY CHKN & BRN RICE"",""84024312264"",,""0"",""2"",""(2)"",""N/A"",""$0"",""$20"""
"556172,""BB SENIOR CHN & BRN RICE DOG"",""84024312265"",,""5"",""1"",""4"",""20%"",""$50"",""$10"""
"511171,""BB GRAIN FREE CHICKEN ADULT"",""84024312267"",,""0"",""3"",""(3)"",""N/A"",""$0"",""$51"""
"951755,""BB GRN FR CHIKN PUPPY FOOD"",""84024312268"",,""1"",""1"",""0"",""100%"",""$26"",""$26"""
"427608,""BB GRAIN FREE CHICKEN PUPPY"",""84024312269"",,""0"",""0"",""0"",""N/A"",""$0"",""$0"""
"975824,""BB BEEF BITS VALUE SIZE DOG"",""84024312272"",,""6"",""6"",""0"",""100%"",""$48"",""$48"""
"732535,""BB KITTY CRAVINGS CHICKEN"",""84024312289"",,""6"",""2"",""4"",""33%"",""$21"",""$7"""
"520091,""BB HLTHY ADULT VARIETY PATE"",""84024312297"",,""2"",""2"",""0"",""100%"",""$22"",""$22"""
"985540,""BB STIX BEEF 6OZ DOG"",""84024312299"",,""0"",""1"",""(1)"",""N/A"",""$0"",""$6"""
"441720,""BB LAMB & RICE ADULT DOG 22 LB"",""84024312493"",,""2"",""2"",""0"",""100%"",""$78"",""$78"""
"781536,""BB HR GF CHKN W/VEG DOG"",""84024312513"",,""12"",""8"",""4"",""67%"",""$25"",""$17"""
"430507,""BB HR GF BEEF W/VEG DOG"",""84024312514"",,""12"",""6"",""6"",""50%"",""$25"",""$13"""
"674901,""BB WILD ADLT DOG CHICKEN"",""84024313068"",,""3"",""3"",""0"",""100%"",""$138"",""$139"""
"785321,""BB WILDERNESS ADLT DOG SALMON"",""84024313071"",,""0"",""1"",""(1)"",""N/A"",""$0"",""$49"""
"413082,""BB WILD LB ADLT DOG CHICKEN"",""84024313072"",,""1"",""1"",""0"",""100%"",""$46"",""$46"""
"497281,""BB WILDERNESS PUPPY CHICKEN"",""84024313075"",,""2"",""2"",""0"",""100%"",""$92"",""$92"""
"662600,""BB ROCKY MT ADLT DOG RED MEAT"",""84024313078"",,""0"",""1"",""(1)"",""N/A"",""$0"",""$19"""
"138231,""TX LONESTAR TREATS BEEF JERKY"",""84423204776"",,""6"",""2"",""4"",""33%"",""$45"",""$15"""
"443095,""MIX HAIRBALL CAT FOOD 6.3LB"",""85159900040"",,""4"",""3"",""1"",""75%"",""$31"",""$23"""
"363742,""BUCKLEY TRAINERS TREATS CHCKN"",""85645200506"",,""8"",""2"",""6"",""25%"",""$40"",""$10"""
"238432,""FORTIS CAT TREATS GRILLED TUNA"",""85705100347"",,""20"",""0"",""20"",""0%"",""$18"",""$0"""
"238446,""CALICO BAY SKIPJACK TUNA"",""85705100353"",,""36"",""10"",""26"",""28%"",""$14"",""$4"""
"238448,""CALICO BAY TUNA & MACKEREL"",""85705100354"",,""36"",""8"",""28"",""22%"",""$14"",""$3"""
"238455,""CALICO BAY TUNA & WHITEFISH"",""85705100355"",,""0"",""7"",""(7)"",""N/A"",""$0"",""$3"""
"378607,""CALICO BAY VARIETY PACK"",""85705100377"",,""2"",""1"",""1"",""50%"",""$12"",""$6"""
"351766,""PARAMOUNT CHICKEN STEW W VEG"",""85705100378"",,""8"",""7"",""1"",""88%"",""$12"",""$10"""
"351763,""PARAMOUNT LAMB AND CHCKEN STEW"",""85705100380"",,""0"",""2"",""(2)"",""N/A"",""$0"",""$3"""
"864809,""BB HLTHY WGHT ADULT DOG FOOD"",""85961000002"",,""0"",""1"",""(1)"",""N/A"",""$0"",""$16"""
"846165,""BB LPF CHIKN PUPPY FOOD"",""85961000003"",,""3"",""1"",""2"",""33%"",""$90"",""$30"""
"478567,""BB LPF HW CHIKN ADULT DOG FOOD"",""85961000004"",,""1"",""1"",""0"",""100%"",""$30"",""$30"""
"743821,""BB CHIKN ADULT DOG FOOD"",""85961000007"",,""5"",""3"",""2"",""60%"",""$80"",""$48"""
"737227,""BB LPF CHIKN ADULT DOG FOOD"",""85961000009"",,""4"",""2"",""2"",""50%"",""$120"",""$60"""
"908136,""BB CHIKN SENIOR DOG FOOD"",""85961000013"",,""5"",""1"",""4"",""20%"",""$80"",""$16"""
"915358,""BB LPF CHIKN SENIOR DOG FOOD"",""85961000015"",,""1"",""1"",""0"",""100%"",""$30"",""$30"""
"630296,""BB LPF FISH ADULT DOG FOOD"",""85961000030"",,""2"",""2"",""0"",""100%"",""$60"",""$60"""
"599448,""BB LPF LAMB ADULT DOG FOOD"",""85961000035"",,""1"",""1"",""0"",""100%"",""$30"",""$30"""
"868464,""BB BITS CHICKEN 4OZ DOG"",""85961000518"",,""0"",""3"",""(3)"",""N/A"",""$0"",""$12"""
"696772,""BB WILD TURKEY & CHKN BISCUIT"",""85961000544"",,""0"",""2"",""(2)"",""N/A"",""$0"",""$12"""
"564523,""BB WILD DUCK & CHKN BISCUIT"",""85961000548"",,""0"",""4"",""(4)"",""N/A"",""$0"",""$24"""
"489463,""BB WILD PUPPY CHICKEN"",""85961000563"",,""0"",""2"",""(2)"",""N/A"",""$0"",""$38"""
"653300,""BB WILD SB ADULT DOG CHK"",""85961000567"",,""0"",""2"",""(2)"",""N/A"",""$0"",""$38"""
"757075,""BB FAM FAV CHIKN DOG FOOD"",""85961000685"",,""0"",""2"",""(2)"",""N/A"",""$0"",""$5"""
"588149,""BB HOMESTYLE CHIKN SENIOR DOG"",""85961000747"",,""12"",""18"",""(6)"",""150%"",""$26"",""$39"""
"140377,""ULTRA CHEWY CHICKEN DOG BONE"",""87786900128"",,""24"",""29"",""(5)"",""121%"",""$24"",""$29"""
